,date,don_id,rec_id,ppe,qty,distance
0,2020-04-23 16:26:00+00:00,don114,rec1,disinfectingWipes,4.0,5.1215
1,2020-04-23 16:26:00+00:00,don216,rec2352,disinfectingWipes,80.0,5.1215
2,2020-04-23 16:26:00+00:00,don254,rec1792,disinfectingWipes,3.0,5.1215
3,2020-04-23 16:26:00+00:00,don339,rec926,disinfectingWipes,500.0,5.1215
4,2020-04-23 16:26:00+00:00,don171,rec1176,disposableBooties,300.0,5.1215
5,2020-04-23 16:26:00+00:00,don100,rec427,nitrileGloves,100.0,5.1215
6,2020-04-23 16:26:00+00:00,don117,rec1051,nitrileGloves,1.0,31.4605
7,2020-04-23 16:26:00+00:00,don118,rec645,nitrileGloves,4.0,5.1215
8,2020-04-23 16:26:00+00:00,don119,rec709,nitrileGloves,9.0,5.1215
9,2020-04-23 16:26:00+00:00,don120,rec1217,nitrileGloves,300.0,5.1215
10,2020-04-23 16:26:00+00:00,don145,rec1,nitrileGloves,5.0,67.313
11,2020-04-23 16:26:00+00:00,don175,rec1046,nitrileGloves,1.0,5.1215
12,2020-04-23 16:26:00+00:00,don233,rec300,nitrileGloves,200.0,5.1215
13,2020-04-23 16:26:00+00:00,don250,rec65,nitrileGloves,1.0,13.9625
14,2020-04-23 16:26:00+00:00,don255,rec1044,nitrileGloves,2.0,5.1215
15,2020-04-23 16:26:00+00:00,don84,rec815,nitrileGloves,200.0,5.1215
16,2020-04-23 16:26:00+00:00,don86,rec863,nitrileGloves,500.0,5.1215
17,2020-04-23 16:26:00+00:00,don90,rec1182,nitrileGloves,5.0,5.1215
18,2020-04-23 16:26:00+00:00,don92,rec542,nitrileGloves,3.0,5.1215
19,2020-04-23 16:26:00+00:00,don173,rec1165,handSanitizer,1.0,31.4605
20,2020-04-23 16:26:00+00:00,don196,rec1208,handSanitizer,10.0,5.1215
21,2020-04-23 16:26:00+00:00,don200,rec1194,gowns,49.0,5.1215
22,2020-04-23 16:26:00+00:00,don102,rec2184,respirators,30.0,5.1215
23,2020-04-23 16:26:00+00:00,don103,rec2317,respirators,2.0,5.1215
24,2020-04-23 16:26:00+00:00,don107,rec907,respirators,40.0,5.1215
25,2020-04-23 16:26:00+00:00,don129,rec2379,respirators,10.0,31.4605
26,2020-04-23 16:26:00+00:00,don134,rec2142,respirators,10.0,5.1215
27,2020-04-23 16:26:00+00:00,don135,rec1952,respirators,300.0,5.1215
28,2020-04-23 16:26:00+00:00,don139,rec960,respirators,80.0,5.1215
29,2020-04-23 16:26:00+00:00,don142,rec2594,respirators,1.0,5.1215
30,2020-04-23 16:26:00+00:00,don143,rec835,respirators,15.0,5.1215
31,2020-04-23 16:26:00+00:00,don169,rec2220,respirators,1.0,5.1215
32,2020-04-23 16:26:00+00:00,don172,rec2220,respirators,4.0,5.1215
33,2020-04-23 16:26:00+00:00,don174,rec2220,respirators,95.0,5.1215
34,2020-04-23 16:26:00+00:00,don176,rec532,respirators,8.0,5.1215
35,2020-04-23 16:26:00+00:00,don177,rec314,respirators,8.0,5.1215
36,2020-04-23 16:26:00+00:00,don183,rec1436,respirators,42.0,5.1215
37,2020-04-23 16:26:00+00:00,don194,rec2236,respirators,10.0,5.1215
38,2020-04-23 16:26:00+00:00,don206,rec1819,respirators,10.0,5.1215
39,2020-04-23 16:26:00+00:00,don214,rec2299,respirators,2.0,5.1215
40,2020-04-23 16:26:00+00:00,don221,rec1477,respirators,5.0,5.1215
41,2020-04-23 16:26:00+00:00,don232,rec2504,respirators,4.0,31.4605
42,2020-04-23 16:26:00+00:00,don236,rec2723,respirators,10.0,5.1215
43,2020-04-23 16:26:00+00:00,don249,rec658,respirators,20.0,5.1215
44,2020-04-23 16:26:00+00:00,don252,rec2221,respirators,10.0,5.1215
45,2020-04-23 16:26:00+00:00,don253,rec527,respirators,10.0,5.1215
46,2020-04-23 16:26:00+00:00,don268,rec2135,respirators,2.0,5.1215
47,2020-04-23 16:26:00+00:00,don293,rec1145,respirators,600.0,45.4975
48,2020-04-23 16:26:00+00:00,don297,rec242,respirators,4.0,5.1215
49,2020-04-23 16:26:00+00:00,don305,rec464,respirators,16.0,5.1215
50,2020-04-23 16:26:00+00:00,don321,rec1825,respirators,100.0,5.1215
51,2020-04-23 16:26:00+00:00,don333,rec1649,respirators,20.0,5.1215
52,2020-04-23 16:26:00+00:00,don78,rec73,respirators,20.0,5.1215
53,2020-04-23 16:26:00+00:00,don93,rec2591,respirators,3.0,31.4605
54,2020-04-23 16:26:00+00:00,don98,rec1385,respirators,1.0,5.1215
55,2020-04-23 16:26:00+00:00,don128,rec2356,faceShields,100.0,5.1215
56,2020-04-23 16:26:00+00:00,don271,rec450,faceShields,30.0,5.1215
57,2020-04-23 16:26:00+00:00,don282,rec394,faceShields,5.0,5.1215
58,2020-04-23 16:26:00+00:00,don295,rec2421,faceShields,2.0,5.1215
59,2020-04-23 16:26:00+00:00,don327,rec563,faceShields,70.0,5.1215
60,2020-04-23 16:26:00+00:00,don101,rec2219,surgicalMasks,50.0,146.46300000000002
61,2020-04-23 16:26:00+00:00,don121,rec1952,surgicalMasks,100.0,5.1215
62,2020-04-23 16:26:00+00:00,don127,rec1273,surgicalMasks,1000.0,5.1215
63,2020-04-23 16:26:00+00:00,don130,rec2561,surgicalMasks,50.0,5.1215
64,2020-04-23 16:26:00+00:00,don131,rec2156,surgicalMasks,100.0,5.1215
65,2020-04-23 16:26:00+00:00,don152,rec1621,surgicalMasks,150.0,5.1215
66,2020-04-23 16:26:00+00:00,don153,rec1454,surgicalMasks,20.0,5.1215
67,2020-04-23 16:26:00+00:00,don157,rec2597,surgicalMasks,50.0,5.1215
68,2020-04-23 16:26:00+00:00,don167,rec1205,surgicalMasks,500.0,13.9625
69,2020-04-23 16:26:00+00:00,don292,rec1000,surgicalMasks,150.0,45.4975
70,2020-04-23 16:26:00+00:00,don294,rec1199,surgicalMasks,200.0,5.1215
71,2020-04-23 16:26:00+00:00,don296,rec1385,surgicalMasks,1000.0,5.1215
72,2020-04-23 16:26:00+00:00,don300,rec1242,surgicalMasks,75.0,5.1215
73,2020-04-23 16:26:00+00:00,don321,rec1291,surgicalMasks,300.0,5.1215
74,2020-04-23 16:26:00+00:00,don323,rec1133,surgicalMasks,300.0,5.1215
75,2020-04-23 16:26:00+00:00,don329,rec1710,surgicalMasks,20.0,5.1215
76,2020-04-23 16:26:00+00:00,don331,rec1133,surgicalMasks,200.0,5.1215
77,2020-04-23 16:26:00+00:00,don334,rec1322,surgicalMasks,50.0,5.1215
78,2020-04-23 16:26:00+00:00,don77,rec1116,surgicalMasks,95.0,5.1215
79,2020-04-23 16:26:00+00:00,don96,rec1263,surgicalMasks,300.0,5.1215
80,2020-04-23 16:26:00+00:00,don109,rec1549,handmadeMasks,25.0,5.1215
81,2020-04-23 16:26:00+00:00,don112,rec715,handmadeMasks,70.0,5.1215
82,2020-04-23 16:26:00+00:00,don122,rec1139,handmadeMasks,18.0,5.1215
83,2020-04-23 16:26:00+00:00,don123,rec54,handmadeMasks,30.0,13.9625
84,2020-04-23 16:26:00+00:00,don124,rec7,handmadeMasks,490.0,5.1215
85,2020-04-23 16:26:00+00:00,don125,rec1695,handmadeMasks,12.0,21.814500000000002
86,2020-04-23 16:26:00+00:00,don141,rec1948,handmadeMasks,200.0,5.1215
87,2020-04-23 16:26:00+00:00,don147,rec2524,handmadeMasks,50.0,5.1215
88,2020-04-23 16:26:00+00:00,don148,rec1562,handmadeMasks,20.0,5.1215
89,2020-04-23 16:26:00+00:00,don149,rec1930,handmadeMasks,50.0,5.1215
90,2020-04-23 16:26:00+00:00,don150,rec662,handmadeMasks,200.0,5.1215
91,2020-04-23 16:26:00+00:00,don160,rec2591,handmadeMasks,1.0,5.1215
92,2020-04-23 16:26:00+00:00,don161,rec1,handmadeMasks,9.0,21.814500000000002
93,2020-04-23 16:26:00+00:00,don163,rec2253,handmadeMasks,50.0,5.1215
94,2020-04-23 16:26:00+00:00,don164,rec661,handmadeMasks,24.0,5.1215
95,2020-04-23 16:26:00+00:00,don165,rec483,handmadeMasks,5.0,5.1215
96,2020-04-23 16:26:00+00:00,don166,rec836,handmadeMasks,30.0,5.1215
97,2020-04-23 16:26:00+00:00,don170,rec2339,handmadeMasks,25.0,5.1215
98,2020-04-23 16:26:00+00:00,don178,rec446,handmadeMasks,30.0,5.1215
99,2020-04-23 16:26:00+00:00,don179,rec2368,handmadeMasks,60.0,5.1215
100,2020-04-23 16:26:00+00:00,don180,rec716,handmadeMasks,50.0,5.1215
101,2020-04-23 16:26:00+00:00,don181,rec1957,handmadeMasks,5.0,5.1215
102,2020-04-23 16:26:00+00:00,don182,rec2653,handmadeMasks,5.0,5.1215
103,2020-04-23 16:26:00+00:00,don184,rec104,handmadeMasks,140.0,5.1215
104,2020-04-23 16:26:00+00:00,don185,rec1520,handmadeMasks,18.0,5.1215
105,2020-04-23 16:26:00+00:00,don186,rec1467,handmadeMasks,300.0,5.1215
106,2020-04-23 16:26:00+00:00,don187,rec671,handmadeMasks,15.0,13.9625
107,2020-04-23 16:26:00+00:00,don188,rec2076,handmadeMasks,15.0,5.1215
108,2020-04-23 16:26:00+00:00,don189,rec536,handmadeMasks,20.0,5.1215
109,2020-04-23 16:26:00+00:00,don190,rec685,handmadeMasks,25.0,5.1215
110,2020-04-23 16:26:00+00:00,don191,rec740,handmadeMasks,25.0,5.1215
111,2020-04-23 16:26:00+00:00,don192,rec933,handmadeMasks,250.0,5.1215
112,2020-04-23 16:26:00+00:00,don197,rec2390,handmadeMasks,1.0,5.1215
113,2020-04-23 16:26:00+00:00,don201,rec160,handmadeMasks,30.0,5.1215
114,2020-04-23 16:26:00+00:00,don202,rec1840,handmadeMasks,25.0,5.1215
115,2020-04-23 16:26:00+00:00,don203,rec819,handmadeMasks,30.0,45.4975
116,2020-04-23 16:26:00+00:00,don207,rec1390,handmadeMasks,30.0,5.1215
117,2020-04-23 16:26:00+00:00,don208,rec267,handmadeMasks,100.0,5.1215
118,2020-04-23 16:26:00+00:00,don209,rec2017,handmadeMasks,17.0,5.1215
119,2020-04-23 16:26:00+00:00,don210,rec169,handmadeMasks,10.0,5.1215
120,2020-04-23 16:26:00+00:00,don211,rec878,handmadeMasks,70.0,5.1215
121,2020-04-23 16:26:00+00:00,don212,rec206,handmadeMasks,50.0,67.313
122,2020-04-23 16:26:00+00:00,don213,rec1271,handmadeMasks,40.0,5.1215
123,2020-04-23 16:26:00+00:00,don222,rec1310,handmadeMasks,36.0,5.1215
124,2020-04-23 16:26:00+00:00,don225,rec644,handmadeMasks,50.0,5.1215
125,2020-04-23 16:26:00+00:00,don226,rec1518,handmadeMasks,20.0,31.4605
126,2020-04-23 16:26:00+00:00,don227,rec1346,handmadeMasks,5.0,31.4605
127,2020-04-23 16:26:00+00:00,don237,rec2251,handmadeMasks,10.0,5.1215
128,2020-04-23 16:26:00+00:00,don239,rec2422,handmadeMasks,20.0,5.1215
129,2020-04-23 16:26:00+00:00,don244,rec1816,handmadeMasks,4.0,5.1215
130,2020-04-23 16:26:00+00:00,don245,rec2267,handmadeMasks,50.0,5.1215
131,2020-04-23 16:26:00+00:00,don246,rec362,handmadeMasks,24.0,21.814500000000002
132,2020-04-23 16:26:00+00:00,don247,rec2481,handmadeMasks,2.0,5.1215
133,2020-04-23 16:26:00+00:00,don248,rec819,handmadeMasks,15.0,45.4975
134,2020-04-23 16:26:00+00:00,don256,rec2167,handmadeMasks,40.0,5.1215
135,2020-04-23 16:26:00+00:00,don263,rec1515,handmadeMasks,2.0,45.4975
136,2020-04-23 16:26:00+00:00,don267,rec1828,handmadeMasks,10.0,5.1215
137,2020-04-23 16:26:00+00:00,don281,rec1660,handmadeMasks,6.0,21.814500000000002
138,2020-04-23 16:26:00+00:00,don286,rec584,handmadeMasks,2.0,5.1215
139,2020-04-23 16:26:00+00:00,don287,rec584,handmadeMasks,2.0,5.1215
140,2020-04-23 16:26:00+00:00,don288,rec584,handmadeMasks,2.0,5.1215
141,2020-04-23 16:26:00+00:00,don301,rec889,handmadeMasks,30.0,92.1265
142,2020-04-23 16:26:00+00:00,don303,rec671,handmadeMasks,10.0,92.1265
143,2020-04-23 16:26:00+00:00,don304,rec1196,handmadeMasks,25.0,92.1265
144,2020-04-23 16:26:00+00:00,don306,rec1333,handmadeMasks,100.0,5.1215
145,2020-04-23 16:26:00+00:00,don310,rec595,handmadeMasks,50.0,5.1215
146,2020-04-23 16:26:00+00:00,don317,rec520,handmadeMasks,25.0,13.9625
147,2020-04-23 16:26:00+00:00,don323,rec37,handmadeMasks,100.0,5.1215
148,2020-04-23 16:26:00+00:00,don325,rec2686,handmadeMasks,10.0,31.4605
149,2020-04-23 16:26:00+00:00,don326,rec223,handmadeMasks,24.0,5.1215
150,2020-04-23 16:26:00+00:00,don331,rec2090,handmadeMasks,5.0,5.1215
151,2020-04-23 16:26:00+00:00,don335,rec856,handmadeMasks,200.0,5.1215
152,2020-04-23 16:26:00+00:00,don336,rec2629,handmadeMasks,10.0,5.1215
153,2020-04-23 16:26:00+00:00,don337,rec1510,handmadeMasks,100.0,5.1215
154,2020-04-23 16:26:00+00:00,don339,rec605,handmadeMasks,58.0,13.9625
155,2020-04-23 16:26:00+00:00,don71,rec2605,handmadeMasks,10.0,191.25650000000002
156,2020-04-23 16:26:00+00:00,don72,rec1881,handmadeMasks,25.0,230.40949999999998
157,2020-04-23 16:26:00+00:00,don73,rec834,handmadeMasks,200.0,5.1215
158,2020-04-23 16:26:00+00:00,don74,rec2169,handmadeMasks,2.0,5.1215
159,2020-04-23 16:26:00+00:00,don75,rec2297,handmadeMasks,1.0,13.9625
160,2020-04-23 16:26:00+00:00,don81,rec2292,handmadeMasks,50.0,5.1215
161,2020-04-23 16:26:00+00:00,don85,rec2624,handmadeMasks,50.0,5.1215
162,2020-04-23 16:26:00+00:00,don94,rec1649,handmadeMasks,32.0,13.9625
163,2020-04-23 16:26:00+00:00,don99,rec2662,handmadeMasks,10.0,5.1215
164,2020-04-30 16:26:00+00:00,don350,rec1887,disinfectingWipes,25.0,5.1215
165,2020-04-30 16:26:00+00:00,don358,rec818,disinfectingWipes,7.0,5.1215
166,2020-04-30 16:26:00+00:00,don372,rec129,disinfectingWipes,50.0,5.1215
167,2020-04-30 16:26:00+00:00,don407,rec547,disinfectingWipes,10.0,5.1215
168,2020-04-30 16:26:00+00:00,don471,rec1241,disinfectingWipes,1.0,5.1215
169,2020-04-30 16:26:00+00:00,don534,rec3331,disinfectingWipes,3.0,5.1215
170,2020-04-30 16:26:00+00:00,don494,rec1117,disposableBooties,10.0,5.1215
171,2020-04-30 16:26:00+00:00,don533,rec943,thermometers,1.0,5.1215
172,2020-04-30 16:26:00+00:00,don372,rec129,nitrileGloves,100.0,5.1215
173,2020-04-30 16:26:00+00:00,don376,rec644,nitrileGloves,1.0,5.1215
174,2020-04-30 16:26:00+00:00,don405,rec206,nitrileGloves,500.0,5.1215
175,2020-04-30 16:26:00+00:00,don509,rec509,nitrileGloves,150.0,5.1215
176,2020-04-30 16:26:00+00:00,don510,rec896,nitrileGloves,150.0,5.1215
177,2020-04-30 16:26:00+00:00,don522,rec604,nitrileGloves,4.0,21.814500000000002
178,2020-04-30 16:26:00+00:00,don398,rec44,handSanitizer,6.0,5.1215
179,2020-04-30 16:26:00+00:00,don407,rec137,handSanitizer,2.0,45.4975
180,2020-04-30 16:26:00+00:00,don436,rec1263,handSanitizer,2.0,5.1215
181,2020-04-30 16:26:00+00:00,don439,rec168,handSanitizer,2.0,67.313
182,2020-04-30 16:26:00+00:00,don445,rec1165,handSanitizer,50.0,45.4975
183,2020-04-30 16:26:00+00:00,don359,rec2269,gowns,1.0,13.9625
184,2020-04-30 16:26:00+00:00,don471,rec3170,gowns,1.0,13.9625
185,2020-04-30 16:26:00+00:00,don494,rec1504,gowns,10.0,5.1215
186,2020-04-30 16:26:00+00:00,don537,rec2239,gowns,30.0,21.814500000000002
187,2020-04-30 16:26:00+00:00,don352,rec2632,respirators,20.0,13.9625
188,2020-04-30 16:26:00+00:00,don358,rec818,respirators,50.0,13.9625
189,2020-04-30 16:26:00+00:00,don365,rec1236,respirators,10.0,13.9625
190,2020-04-30 16:26:00+00:00,don374,rec1552,respirators,60.0,13.9625
191,2020-04-30 16:26:00+00:00,don385,rec2456,respirators,10.0,13.9625
192,2020-04-30 16:26:00+00:00,don397,rec661,respirators,50.0,5.1215
193,2020-04-30 16:26:00+00:00,don400,rec0,respirators,50.0,5.1215
194,2020-04-30 16:26:00+00:00,don403,rec530,respirators,200.0,31.4605
195,2020-04-30 16:26:00+00:00,don409,rec3075,respirators,15.0,31.4605
196,2020-04-30 16:26:00+00:00,don412,rec3099,respirators,10.0,13.9625
197,2020-04-30 16:26:00+00:00,don414,rec1347,respirators,10.0,5.1215
198,2020-04-30 16:26:00+00:00,don417,rec961,respirators,100.0,5.1215
199,2020-04-30 16:26:00+00:00,don421,rec153,respirators,150.0,5.1215
200,2020-04-30 16:26:00+00:00,don423,rec1046,respirators,10.0,5.1215
201,2020-04-30 16:26:00+00:00,don433,rec2970,respirators,100.0,5.1215
202,2020-04-30 16:26:00+00:00,don435,rec2943,respirators,2.0,5.1215
203,2020-04-30 16:26:00+00:00,don439,rec1619,respirators,30.0,5.1215
204,2020-04-30 16:26:00+00:00,don441,rec2811,respirators,1.0,5.1215
205,2020-04-30 16:26:00+00:00,don442,rec1252,respirators,80.0,5.1215
206,2020-04-30 16:26:00+00:00,don443,rec2964,respirators,60.0,5.1215
207,2020-04-30 16:26:00+00:00,don447,rec2477,respirators,120.0,5.1215
208,2020-04-30 16:26:00+00:00,don449,rec2270,respirators,5.0,5.1215
209,2020-04-30 16:26:00+00:00,don451,rec1987,respirators,50.0,5.1215
210,2020-04-30 16:26:00+00:00,don455,rec1149,respirators,260.0,5.1215
211,2020-04-30 16:26:00+00:00,don468,rec1451,respirators,100.0,5.1215
212,2020-04-30 16:26:00+00:00,don486,rec1753,respirators,150.0,5.1215
213,2020-04-30 16:26:00+00:00,don487,rec2019,respirators,100.0,5.1215
214,2020-04-30 16:26:00+00:00,don497,rec126,respirators,1.0,5.1215
215,2020-04-30 16:26:00+00:00,don498,rec2259,respirators,2.0,5.1215
216,2020-04-30 16:26:00+00:00,don516,rec2069,respirators,200.0,5.1215
217,2020-04-30 16:26:00+00:00,don517,rec1606,respirators,40.0,5.1215
218,2020-04-30 16:26:00+00:00,don518,rec1606,respirators,10.0,5.1215
219,2020-04-30 16:26:00+00:00,don351,rec2220,faceShields,20.0,5.1215
220,2020-04-30 16:26:00+00:00,don355,rec929,faceShields,10.0,5.1215
221,2020-04-30 16:26:00+00:00,don368,rec1226,faceShields,100.0,5.1215
222,2020-04-30 16:26:00+00:00,don402,rec277,faceShields,50.0,5.1215
223,2020-04-30 16:26:00+00:00,don417,rec1349,faceShields,180.0,5.1215
224,2020-04-30 16:26:00+00:00,don427,rec1176,faceShields,300.0,5.1215
225,2020-04-30 16:26:00+00:00,don434,rec620,faceShields,75.0,5.1215
226,2020-04-30 16:26:00+00:00,don437,rec1116,faceShields,100.0,5.1215
227,2020-04-30 16:26:00+00:00,don456,rec673,faceShields,1.0,5.1215
228,2020-04-30 16:26:00+00:00,don465,rec1530,faceShields,10.0,5.1215
229,2020-04-30 16:26:00+00:00,don466,rec3229,faceShields,25.0,5.1215
230,2020-04-30 16:26:00+00:00,don474,rec0,faceShields,2.0,21.814500000000002
231,2020-04-30 16:26:00+00:00,don484,rec430,faceShields,40.0,5.1215
232,2020-04-30 16:26:00+00:00,don519,rec3312,faceShields,24.0,5.1215
233,2020-04-30 16:26:00+00:00,don524,rec809,faceShields,50.0,5.1215
234,2020-04-30 16:26:00+00:00,don539,rec2119,faceShields,1.0,5.1215
235,2020-04-30 16:26:00+00:00,don540,rec2786,faceShields,2.0,5.1215
236,2020-04-30 16:26:00+00:00,don347,rec1370,surgicalMasks,100.0,67.313
237,2020-04-30 16:26:00+00:00,don348,rec2283,surgicalMasks,300.0,5.1215
238,2020-04-30 16:26:00+00:00,don350,rec2398,surgicalMasks,100.0,5.1215
239,2020-04-30 16:26:00+00:00,don358,rec1803,surgicalMasks,90.0,5.1215
240,2020-04-30 16:26:00+00:00,don365,rec2341,surgicalMasks,10.0,5.1215
241,2020-04-30 16:26:00+00:00,don373,rec2685,surgicalMasks,100.0,5.1215
242,2020-04-30 16:26:00+00:00,don377,rec2716,surgicalMasks,10.0,5.1215
243,2020-04-30 16:26:00+00:00,don378,rec2716,surgicalMasks,10.0,5.1215
244,2020-04-30 16:26:00+00:00,don380,rec1540,surgicalMasks,500.0,5.1215
245,2020-04-30 16:26:00+00:00,don381,rec2127,surgicalMasks,100.0,5.1215
246,2020-04-30 16:26:00+00:00,don383,rec3274,surgicalMasks,70.0,5.1215
247,2020-04-30 16:26:00+00:00,don390,rec2381,surgicalMasks,20.0,21.814500000000002
248,2020-04-30 16:26:00+00:00,don391,rec3353,surgicalMasks,15.0,5.1215
249,2020-04-30 16:26:00+00:00,don392,rec3332,surgicalMasks,100.0,5.1215
250,2020-04-30 16:26:00+00:00,don394,rec3062,surgicalMasks,50.0,5.1215
251,2020-04-30 16:26:00+00:00,don395,rec2445,surgicalMasks,200.0,5.1215
252,2020-04-30 16:26:00+00:00,don409,rec2412,surgicalMasks,20.0,5.1215
253,2020-04-30 16:26:00+00:00,don411,rec1625,surgicalMasks,300.0,5.1215
254,2020-04-30 16:26:00+00:00,don414,rec3166,surgicalMasks,1.0,5.1215
255,2020-04-30 16:26:00+00:00,don417,rec1184,surgicalMasks,50.0,5.1215
256,2020-04-30 16:26:00+00:00,don421,rec2869,surgicalMasks,100.0,5.1215
257,2020-04-30 16:26:00+00:00,don423,rec3081,surgicalMasks,60.0,5.1215
258,2020-04-30 16:26:00+00:00,don429,rec2716,surgicalMasks,50.0,5.1215
259,2020-04-30 16:26:00+00:00,don440,rec2925,surgicalMasks,90.0,5.1215
260,2020-04-30 16:26:00+00:00,don444,rec2716,surgicalMasks,30.0,5.1215
261,2020-04-30 16:26:00+00:00,don446,rec1812,surgicalMasks,70.0,5.1215
262,2020-04-30 16:26:00+00:00,don455,rec1467,surgicalMasks,400.0,67.313
263,2020-04-30 16:26:00+00:00,don462,rec1707,surgicalMasks,100.0,67.313
264,2020-04-30 16:26:00+00:00,don463,rec1010,surgicalMasks,40.0,5.1215
265,2020-04-30 16:26:00+00:00,don464,rec1242,surgicalMasks,50.0,5.1215
266,2020-04-30 16:26:00+00:00,don467,rec2368,surgicalMasks,100.0,5.1215
267,2020-04-30 16:26:00+00:00,don481,rec1169,surgicalMasks,28.0,5.1215
268,2020-04-30 16:26:00+00:00,don499,rec2700,surgicalMasks,2.0,5.1215
269,2020-04-30 16:26:00+00:00,don502,rec3155,surgicalMasks,50.0,5.1215
270,2020-04-30 16:26:00+00:00,don506,rec1346,surgicalMasks,100.0,5.1215
271,2020-04-30 16:26:00+00:00,don512,rec3184,surgicalMasks,3.0,5.1215
272,2020-04-30 16:26:00+00:00,don527,rec1865,surgicalMasks,3.0,5.1215
273,2020-04-30 16:26:00+00:00,don533,rec2816,surgicalMasks,50.0,5.1215
274,2020-04-30 16:26:00+00:00,don535,rec1657,surgicalMasks,100.0,5.1215
275,2020-04-30 16:26:00+00:00,don340,rec2433,handmadeMasks,20.0,5.1215
276,2020-04-30 16:26:00+00:00,don341,rec2433,handmadeMasks,20.0,5.1215
277,2020-04-30 16:26:00+00:00,don343,rec1187,handmadeMasks,10.0,5.1215
278,2020-04-30 16:26:00+00:00,don360,rec878,handmadeMasks,25.0,5.1215
279,2020-04-30 16:26:00+00:00,don361,rec1486,handmadeMasks,10.0,5.1215
280,2020-04-30 16:26:00+00:00,don363,rec1740,handmadeMasks,25.0,5.1215
281,2020-04-30 16:26:00+00:00,don372,rec1136,handmadeMasks,12.0,5.1215
282,2020-04-30 16:26:00+00:00,don386,rec2047,handmadeMasks,100.0,5.1215
283,2020-04-30 16:26:00+00:00,don393,rec2047,handmadeMasks,75.0,5.1215
284,2020-04-30 16:26:00+00:00,don396,rec3225,handmadeMasks,10.0,67.313
285,2020-04-30 16:26:00+00:00,don399,rec2975,handmadeMasks,50.0,5.1215
286,2020-04-30 16:26:00+00:00,don401,rec3251,handmadeMasks,30.0,67.313
287,2020-04-30 16:26:00+00:00,don404,rec253,handmadeMasks,25.0,5.1215
288,2020-04-30 16:26:00+00:00,don426,rec563,handmadeMasks,20.0,5.1215
289,2020-04-30 16:26:00+00:00,don430,rec1641,handmadeMasks,5.0,5.1215
290,2020-04-30 16:26:00+00:00,don453,rec649,handmadeMasks,50.0,5.1215
291,2020-04-30 16:26:00+00:00,don457,rec202,handmadeMasks,44.0,5.1215
292,2020-04-30 16:26:00+00:00,don458,rec2725,handmadeMasks,8.0,5.1215
293,2020-04-30 16:26:00+00:00,don461,rec3249,handmadeMasks,2.0,5.1215
294,2020-04-30 16:26:00+00:00,don472,rec1850,handmadeMasks,20.0,5.1215
295,2020-04-30 16:26:00+00:00,don476,rec3246,handmadeMasks,30.0,5.1215
296,2020-04-30 16:26:00+00:00,don477,rec335,handmadeMasks,35.0,5.1215
297,2020-04-30 16:26:00+00:00,don496,rec2473,handmadeMasks,50.0,5.1215
298,2020-04-30 16:26:00+00:00,don505,rec2389,handmadeMasks,100.0,21.814500000000002
299,2020-04-30 16:26:00+00:00,don511,rec3345,handmadeMasks,20.0,5.1215
300,2020-04-30 16:26:00+00:00,don513,rec1803,handmadeMasks,50.0,5.1215
301,2020-04-30 16:26:00+00:00,don514,rec1644,handmadeMasks,100.0,5.1215
302,2020-04-30 16:26:00+00:00,don515,rec665,handmadeMasks,35.0,13.9625
303,2020-04-30 16:26:00+00:00,don526,rec2320,handmadeMasks,30.0,13.9625
304,2020-04-30 16:26:00+00:00,don528,rec1151,handmadeMasks,30.0,5.1215
305,2020-05-07 16:26:00+00:00,don608,rec1905,disinfectingWipes,2.0,5.1215
306,2020-05-07 16:26:00+00:00,don541,rec1197,disposableBooties,25.0,13.9625
307,2020-05-07 16:26:00+00:00,don608,rec1275,disposableBooties,1.0,21.814500000000002
308,2020-05-07 16:26:00+00:00,don671,rec1337,disposableBooties,50.0,21.814500000000002
309,2020-05-07 16:26:00+00:00,don544,rec1144,nitrileGloves,100.0,21.814500000000002
310,2020-05-07 16:26:00+00:00,don582,rec648,nitrileGloves,200.0,13.9625
311,2020-05-07 16:26:00+00:00,don594,rec3505,nitrileGloves,100.0,5.1215
312,2020-05-07 16:26:00+00:00,don634,rec560,nitrileGloves,50.0,5.1215
313,2020-05-07 16:26:00+00:00,don636,rec1205,nitrileGloves,1.0,5.1215
314,2020-05-07 16:26:00+00:00,don659,rec1060,nitrileGloves,300.0,5.1215
315,2020-05-07 16:26:00+00:00,don126,rec3447,coveralls,30.0,5.1215
316,2020-05-07 16:26:00+00:00,don276,rec3558,coveralls,1.0,5.1215
317,2020-05-07 16:26:00+00:00,don279,rec3536,coveralls,50.0,5.1215
318,2020-05-07 16:26:00+00:00,don346,rec3534,coveralls,20.0,5.1215
319,2020-05-07 16:26:00+00:00,don494,rec3532,coveralls,100.0,5.1215
320,2020-05-07 16:26:00+00:00,don613,rec3562,coveralls,10.0,5.1215
321,2020-05-07 16:26:00+00:00,don643,rec3448,coveralls,20.0,5.1215
322,2020-05-07 16:26:00+00:00,don82,rec3558,coveralls,4.0,171.4935
323,2020-05-07 16:26:00+00:00,don474,rec3449,surgicalCaps,5.0,659.2950000000001
324,2020-05-07 16:26:00+00:00,don582,rec3485,handSanitizer,1.0,92.1265
325,2020-05-07 16:26:00+00:00,don608,rec466,handSanitizer,2.0,92.1265
326,2020-05-07 16:26:00+00:00,don630,rec3536,gowns,1.0,5.1215
327,2020-05-07 16:26:00+00:00,don116,rec3567,babyMonitors,20.0,5.1215
328,2020-05-07 16:26:00+00:00,don570,rec3450,babyMonitors,1.0,21.814500000000002
329,2020-05-07 16:26:00+00:00,don571,rec3450,babyMonitors,1.0,685.0084999999999
330,2020-05-07 16:26:00+00:00,don576,rec1986,respirators,10.0,21.814500000000002
331,2020-05-07 16:26:00+00:00,don586,rec1808,respirators,9.0,5.1215
332,2020-05-07 16:26:00+00:00,don594,rec3505,respirators,30.0,5.1215
333,2020-05-07 16:26:00+00:00,don601,rec2908,respirators,2.0,5.1215
334,2020-05-07 16:26:00+00:00,don617,rec2378,respirators,50.0,5.1215
335,2020-05-07 16:26:00+00:00,don618,rec1144,respirators,150.0,5.1215
336,2020-05-07 16:26:00+00:00,don619,rec1519,respirators,200.0,5.1215
337,2020-05-07 16:26:00+00:00,don624,rec737,respirators,20.0,5.1215
338,2020-05-07 16:26:00+00:00,don632,rec1706,respirators,200.0,5.1215
339,2020-05-07 16:26:00+00:00,don640,rec2522,respirators,250.0,171.4935
340,2020-05-07 16:26:00+00:00,don650,rec2142,respirators,50.0,171.4935
341,2020-05-07 16:26:00+00:00,don543,rec2580,faceShields,50.0,5.1215
342,2020-05-07 16:26:00+00:00,don603,rec19,faceShields,1.0,21.814500000000002
343,2020-05-07 16:26:00+00:00,don627,rec3277,faceShields,2.0,5.1215
344,2020-05-07 16:26:00+00:00,don656,rec1477,faceShields,5.0,5.1215
345,2020-05-07 16:26:00+00:00,don205,rec3447,safetyGlasses,30.0,5.1215
346,2020-05-07 16:26:00+00:00,don241,rec3490,safetyGlasses,1.0,5.1215
347,2020-05-07 16:26:00+00:00,don251,rec3508,safetyGlasses,3.0,5.1215
348,2020-05-07 16:26:00+00:00,don479,rec3501,safetyGlasses,2.0,5.1215
349,2020-05-07 16:26:00+00:00,don480,rec3501,safetyGlasses,1.0,5.1215
350,2020-05-07 16:26:00+00:00,don494,rec3439,safetyGlasses,30.0,5.1215
351,2020-05-07 16:26:00+00:00,don503,rec3501,safetyGlasses,1.0,5.1215
352,2020-05-07 16:26:00+00:00,don537,rec3450,safetyGlasses,30.0,5.1215
353,2020-05-07 16:26:00+00:00,don630,rec3439,safetyGlasses,1.0,5.1215
354,2020-05-07 16:26:00+00:00,don553,rec2880,surgicalMasks,50.0,5.1215
355,2020-05-07 16:26:00+00:00,don574,rec2995,surgicalMasks,100.0,5.1215
356,2020-05-07 16:26:00+00:00,don576,rec1285,surgicalMasks,200.0,21.814500000000002
357,2020-05-07 16:26:00+00:00,don578,rec3383,surgicalMasks,10.0,45.4975
358,2020-05-07 16:26:00+00:00,don582,rec2269,surgicalMasks,50.0,67.313
359,2020-05-07 16:26:00+00:00,don584,rec2054,surgicalMasks,9.0,230.40949999999998
360,2020-05-07 16:26:00+00:00,don591,rec1127,surgicalMasks,112.0,800.7660000000001
361,2020-05-07 16:26:00+00:00,don594,rec2250,surgicalMasks,130.0,800.7660000000001
362,2020-05-07 16:26:00+00:00,don595,rec1799,surgicalMasks,10.0,958.2555
363,2020-05-07 16:26:00+00:00,don601,rec2430,surgicalMasks,5.0,800.7660000000001
364,2020-05-07 16:26:00+00:00,don603,rec2281,surgicalMasks,10.0,13.9625
365,2020-05-07 16:26:00+00:00,don612,rec1242,surgicalMasks,50.0,937.9275
366,2020-05-07 16:26:00+00:00,don624,rec3546,surgicalMasks,100.0,5.1215
367,2020-05-07 16:26:00+00:00,don630,rec2808,surgicalMasks,3.0,13.9625
368,2020-05-07 16:26:00+00:00,don644,rec2294,surgicalMasks,350.0,5.1215
369,2020-05-07 16:26:00+00:00,don647,rec1846,surgicalMasks,100.0,5.1215
370,2020-05-07 16:26:00+00:00,don650,rec3382,surgicalMasks,3.0,5.1215
371,2020-05-07 16:26:00+00:00,don651,rec2869,surgicalMasks,200.0,5.1215
372,2020-05-07 16:26:00+00:00,don655,rec2152,surgicalMasks,50.0,5.1215
373,2020-05-07 16:26:00+00:00,don662,rec1169,surgicalMasks,40.0,5.1215
374,2020-05-07 16:26:00+00:00,don663,rec1348,surgicalMasks,100.0,5.1215
375,2020-05-07 16:26:00+00:00,don542,rec3316,handmadeMasks,100.0,5.1215
376,2020-05-07 16:26:00+00:00,don551,rec1283,handmadeMasks,39.0,5.1215
377,2020-05-07 16:26:00+00:00,don554,rec3437,handmadeMasks,25.0,5.1215
378,2020-05-07 16:26:00+00:00,don572,rec786,handmadeMasks,70.0,5.1215
379,2020-05-07 16:26:00+00:00,don573,rec1816,handmadeMasks,25.0,5.1215
380,2020-05-07 16:26:00+00:00,don577,rec3017,handmadeMasks,20.0,5.1215
381,2020-05-07 16:26:00+00:00,don579,rec3182,handmadeMasks,1.0,5.1215
382,2020-05-07 16:26:00+00:00,don589,rec3577,handmadeMasks,25.0,5.1215
383,2020-05-07 16:26:00+00:00,don590,rec1708,handmadeMasks,300.0,5.1215
384,2020-05-07 16:26:00+00:00,don604,rec1433,handmadeMasks,30.0,5.1215
385,2020-05-07 16:26:00+00:00,don605,rec3008,handmadeMasks,18.0,5.1215
386,2020-05-07 16:26:00+00:00,don615,rec585,handmadeMasks,30.0,5.1215
387,2020-05-07 16:26:00+00:00,don616,rec2100,handmadeMasks,20.0,5.1215
388,2020-05-07 16:26:00+00:00,don620,rec93,handmadeMasks,25.0,5.1215
389,2020-05-07 16:26:00+00:00,don625,rec3506,handmadeMasks,3.0,5.1215
390,2020-05-07 16:26:00+00:00,don635,rec875,handmadeMasks,50.0,5.1215
391,2020-05-07 16:26:00+00:00,don637,rec3402,handmadeMasks,25.0,13.9625
392,2020-05-07 16:26:00+00:00,don638,rec3270,handmadeMasks,12.0,5.1215
393,2020-05-07 16:26:00+00:00,don639,rec2370,handmadeMasks,2.0,5.1215
394,2020-05-07 16:26:00+00:00,don646,rec2613,handmadeMasks,6.0,5.1215
395,2020-05-07 16:26:00+00:00,don666,rec2845,handmadeMasks,60.0,5.1215
396,2020-05-07 16:26:00+00:00,don672,rec2217,handmadeMasks,200.0,5.1215
397,2020-05-07 16:26:00+00:00,don279,rec3563,safetyGoggles,30.0,5.1215
398,2020-05-07 16:26:00+00:00,don410,rec3476,safetyGoggles,2.0,13.9625
399,2020-05-07 16:26:00+00:00,don478,rec3482,safetyGoggles,2.0,5.1215
400,2020-05-07 16:26:00+00:00,don488,rec3447,safetyGoggles,30.0,13.9625
401,2020-05-07 16:26:00+00:00,don501,rec3482,safetyGoggles,1.0,5.1215
402,2020-05-07 16:26:00+00:00,don533,rec3492,safetyGoggles,3.0,5.1215
403,2020-05-07 16:26:00+00:00,don624,rec3444,safetyGoggles,5.0,5.1215
404,2020-05-07 16:26:00+00:00,don662,rec3507,safetyGoggles,1.0,5.1215
405,2020-05-07 16:26:00+00:00,don671,rec3476,safetyGoggles,28.0,45.4975
406,2020-05-07 16:26:00+00:00,don0,rec3504,printedFaceShields,10.0,5.1215
407,2020-05-07 16:26:00+00:00,don1,rec3457,printedFaceShields,1.0,5.1215
408,2020-05-07 16:26:00+00:00,don10,rec3538,printedFaceShields,20.0,13.9625
409,2020-05-07 16:26:00+00:00,don104,rec3457,printedFaceShields,1.0,5.1215
410,2020-05-07 16:26:00+00:00,don105,rec3484,printedFaceShields,20.0,5.1215
411,2020-05-07 16:26:00+00:00,don108,rec3567,printedFaceShields,30.0,5.1215
412,2020-05-07 16:26:00+00:00,don11,rec3445,printedFaceShields,5.0,5.1215
413,2020-05-07 16:26:00+00:00,don115,rec3567,printedFaceShields,25.0,5.1215
414,2020-05-07 16:26:00+00:00,don12,rec3504,printedFaceShields,10.0,13.9625
415,2020-05-07 16:26:00+00:00,don13,rec3521,printedFaceShields,10.0,13.9625
416,2020-05-07 16:26:00+00:00,don132,rec3538,printedFaceShields,4.0,191.25650000000002
417,2020-05-07 16:26:00+00:00,don133,rec3476,printedFaceShields,20.0,348.2025
418,2020-05-07 16:26:00+00:00,don136,rec3562,printedFaceShields,9.0,31.4605
419,2020-05-07 16:26:00+00:00,don137,rec3488,printedFaceShields,15.0,348.2025
420,2020-05-07 16:26:00+00:00,don138,rec3488,printedFaceShields,10.0,5.1215
421,2020-05-07 16:26:00+00:00,don14,rec3562,printedFaceShields,1.0,21.814500000000002
422,2020-05-07 16:26:00+00:00,don140,rec3490,printedFaceShields,20.0,21.814500000000002
423,2020-05-07 16:26:00+00:00,don144,rec3577,printedFaceShields,100.0,21.814500000000002
424,2020-05-07 16:26:00+00:00,don148,rec3558,printedFaceShields,4.0,31.4605
425,2020-05-07 16:26:00+00:00,don154,rec3508,printedFaceShields,5.0,209.404
426,2020-05-07 16:26:00+00:00,don155,rec3555,printedFaceShields,50.0,533.5989999999999
427,2020-05-07 16:26:00+00:00,don156,rec3447,printedFaceShields,30.0,45.4975
428,2020-05-07 16:26:00+00:00,don159,rec3567,printedFaceShields,45.0,117.8545
429,2020-05-07 16:26:00+00:00,don16,rec3444,printedFaceShields,50.0,21.814500000000002
430,2020-05-07 16:26:00+00:00,don165,rec3516,printedFaceShields,9.0,287.5555
431,2020-05-14 16:26:00+00:00,don755,rec1733,disinfectingWipes,20.0,21.814500000000002
432,2020-05-14 16:26:00+00:00,don696,rec3503,disposableBooties,4.0,5.1215
433,2020-05-14 16:26:00+00:00,don696,rec764,nitrileGloves,4.0,5.1215
434,2020-05-14 16:26:00+00:00,don727,rec1036,nitrileGloves,50.0,5.1215
435,2020-05-14 16:26:00+00:00,don684,rec3610,coveralls,96.0,13.9625
436,2020-05-14 16:26:00+00:00,don701,rec3457,coveralls,3.0,13.9625
437,2020-05-14 16:26:00+00:00,don711,rec3707,coveralls,6.0,5.1215
438,2020-05-14 16:26:00+00:00,don730,rec3711,coveralls,7.0,13.9625
439,2020-05-14 16:26:00+00:00,don765,rec3610,coveralls,50.0,13.9625
440,2020-05-14 16:26:00+00:00,don770,rec3642,coveralls,15.0,21.814500000000002
441,2020-05-14 16:26:00+00:00,don708,rec186,handSanitizer,500.0,5.1215
442,2020-05-14 16:26:00+00:00,don755,rec3487,handSanitizer,2.0,13.9625
443,2020-05-14 16:26:00+00:00,don770,rec1346,handSanitizer,1.0,21.814500000000002
444,2020-05-14 16:26:00+00:00,don702,rec1549,respirators,50.0,5.1215
445,2020-05-14 16:26:00+00:00,don717,rec2852,respirators,40.0,67.313
446,2020-05-14 16:26:00+00:00,don724,rec2216,respirators,5.0,67.313
447,2020-05-14 16:26:00+00:00,don725,rec3574,respirators,25.0,5.1215
448,2020-05-14 16:26:00+00:00,don727,rec3336,respirators,1.0,5.1215
449,2020-05-14 16:26:00+00:00,don728,rec2036,respirators,5.0,5.1215
450,2020-05-14 16:26:00+00:00,don729,rec1514,respirators,15.0,5.1215
451,2020-05-14 16:26:00+00:00,don731,rec1584,respirators,2.0,5.1215
452,2020-05-14 16:26:00+00:00,don732,rec17,respirators,5.0,5.1215
453,2020-05-14 16:26:00+00:00,don735,rec1656,respirators,20.0,5.1215
454,2020-05-14 16:26:00+00:00,don760,rec3348,respirators,3.0,5.1215
455,2020-05-14 16:26:00+00:00,don763,rec1294,respirators,22.0,5.1215
456,2020-05-14 16:26:00+00:00,don764,rec2188,respirators,20.0,5.1215
457,2020-05-14 16:26:00+00:00,don676,rec2328,surgicalMasks,100.0,21.814500000000002
458,2020-05-14 16:26:00+00:00,don677,rec2685,surgicalMasks,100.0,5.1215
459,2020-05-14 16:26:00+00:00,don704,rec2494,surgicalMasks,50.0,5.1215
460,2020-05-14 16:26:00+00:00,don711,rec1257,surgicalMasks,200.0,5.1215
461,2020-05-14 16:26:00+00:00,don713,rec2120,surgicalMasks,5.0,5.1215
462,2020-05-14 16:26:00+00:00,don743,rec1280,surgicalMasks,30.0,5.1215
463,2020-05-14 16:26:00+00:00,don752,rec1635,surgicalMasks,500.0,5.1215
464,2020-05-14 16:26:00+00:00,don760,rec3348,surgicalMasks,3.0,5.1215
465,2020-05-14 16:26:00+00:00,don763,rec2416,surgicalMasks,70.0,5.1215
466,2020-05-14 16:26:00+00:00,don682,rec3396,faceShields,2.0,5.1215
467,2020-05-14 16:26:00+00:00,don686,rec2636,faceShields,20.0,5.1215
468,2020-05-14 16:26:00+00:00,don692,rec2104,faceShields,3.0,5.1215
469,2020-05-14 16:26:00+00:00,don701,rec513,faceShields,380.0,5.1215
470,2020-05-14 16:26:00+00:00,don738,rec150,faceShields,200.0,5.1215
471,2020-05-14 16:26:00+00:00,don739,rec150,faceShields,100.0,5.1215
472,2020-05-14 16:26:00+00:00,don742,rec770,faceShields,20.0,31.4605
473,2020-05-14 16:26:00+00:00,don747,rec2783,faceShields,100.0,5.1215
474,2020-05-14 16:26:00+00:00,don748,rec2500,faceShields,45.0,5.1215
475,2020-05-14 16:26:00+00:00,don766,rec3383,faceShields,2.0,5.1215
476,2020-05-14 16:26:00+00:00,don683,rec1585,handmadeMasks,30.0,5.1215
477,2020-05-14 16:26:00+00:00,don685,rec373,handmadeMasks,15.0,5.1215
478,2020-05-14 16:26:00+00:00,don687,rec1325,handmadeMasks,50.0,5.1215
479,2020-05-14 16:26:00+00:00,don688,rec1093,handmadeMasks,20.0,5.1215
480,2020-05-14 16:26:00+00:00,don690,rec2468,handmadeMasks,1.0,5.1215
481,2020-05-14 16:26:00+00:00,don703,rec1951,handmadeMasks,100.0,5.1215
482,2020-05-14 16:26:00+00:00,don705,rec2197,handmadeMasks,20.0,5.1215
483,2020-05-14 16:26:00+00:00,don714,rec1493,handmadeMasks,15.0,5.1215
484,2020-05-14 16:26:00+00:00,don723,rec2112,handmadeMasks,5.0,5.1215
485,2020-05-14 16:26:00+00:00,don733,rec3008,handmadeMasks,30.0,5.1215
486,2020-05-14 16:26:00+00:00,don736,rec3032,handmadeMasks,10.0,5.1215
487,2020-05-14 16:26:00+00:00,don737,rec794,handmadeMasks,24.0,5.1215
488,2020-05-14 16:26:00+00:00,don740,rec1139,handmadeMasks,42.0,5.1215
489,2020-05-14 16:26:00+00:00,don741,rec1844,handmadeMasks,27.0,5.1215
490,2020-05-14 16:26:00+00:00,don744,rec395,handmadeMasks,30.0,5.1215
491,2020-05-14 16:26:00+00:00,don746,rec1844,handmadeMasks,37.0,5.1215
492,2020-05-14 16:26:00+00:00,don749,rec1098,handmadeMasks,50.0,13.9625
493,2020-05-14 16:26:00+00:00,don750,rec395,handmadeMasks,32.0,5.1215
494,2020-05-14 16:26:00+00:00,don761,rec1881,handmadeMasks,5.0,21.814500000000002
495,2020-05-14 16:26:00+00:00,don770,rec426,handmadeMasks,150.0,5.1215
496,2020-05-14 16:26:00+00:00,don682,rec3642,safetyGoggles,200.0,5.1215
497,2020-05-14 16:26:00+00:00,don711,rec3697,safetyGoggles,5.0,5.1215
498,2020-05-14 16:26:00+00:00,don168,rec3666,printedFaceShields,150.0,5.1215
499,2020-05-14 16:26:00+00:00,don17,rec3622,printedFaceShields,30.0,5.1215
500,2020-05-14 16:26:00+00:00,don18,rec3604,printedFaceShields,50.0,5.1215
501,2020-05-14 16:26:00+00:00,don19,rec3635,printedFaceShields,10.0,5.1215
502,2020-05-14 16:26:00+00:00,don195,rec3654,printedFaceShields,6.0,5.1215
503,2020-05-14 16:26:00+00:00,don199,rec3678,printedFaceShields,20.0,5.1215
504,2020-05-14 16:26:00+00:00,don20,rec3647,printedFaceShields,9.0,5.1215
505,2020-05-14 16:26:00+00:00,don21,rec3622,printedFaceShields,20.0,5.1215
506,2020-05-14 16:26:00+00:00,don217,rec3678,printedFaceShields,10.0,5.1215
507,2020-05-14 16:26:00+00:00,don218,rec3648,printedFaceShields,40.0,5.1215
508,2020-05-14 16:26:00+00:00,don219,rec3648,printedFaceShields,45.0,171.4935
509,2020-05-14 16:26:00+00:00,don22,rec3590,printedFaceShields,10.0,13.9625
510,2020-05-14 16:26:00+00:00,don223,rec3657,printedFaceShields,50.0,5.1215
511,2020-05-14 16:26:00+00:00,don224,rec3659,printedFaceShields,50.0,685.0084999999999
512,2020-05-14 16:26:00+00:00,don229,rec3666,printedFaceShields,50.0,171.4935
513,2020-05-14 16:26:00+00:00,don23,rec3604,printedFaceShields,50.0,92.1265
514,2020-05-14 16:26:00+00:00,don231,rec3685,printedFaceShields,20.0,45.4975
515,2020-05-14 16:26:00+00:00,don234,rec3641,printedFaceShields,200.0,117.8545
516,2020-05-14 16:26:00+00:00,don235,rec3641,printedFaceShields,300.0,13.9625
517,2020-05-14 16:26:00+00:00,don237,rec3685,printedFaceShields,10.0,612.837
518,2020-05-14 16:26:00+00:00,don24,rec3666,printedFaceShields,5.0,209.404
519,2020-05-14 16:26:00+00:00,don240,rec3666,printedFaceShields,15.0,171.4935
520,2020-05-14 16:26:00+00:00,don242,rec3666,printedFaceShields,20.0,5.1215
521,2020-05-14 16:26:00+00:00,don25,rec3645,printedFaceShields,30.0,612.837
522,2020-05-14 16:26:00+00:00,don257,rec3666,printedFaceShields,30.0,191.25650000000002
523,2020-05-14 16:26:00+00:00,don258,rec3685,printedFaceShields,1000.0,937.9275
524,2020-05-14 16:26:00+00:00,don259,rec3685,printedFaceShields,1.0,366.27750000000003
525,2020-05-14 16:26:00+00:00,don26,rec3666,printedFaceShields,35.0,589.607
526,2020-05-14 16:26:00+00:00,don260,rec3666,printedFaceShields,50.0,287.5555
527,2020-05-14 16:26:00+00:00,don261,rec3666,printedFaceShields,17.0,287.5555
528,2020-05-14 16:26:00+00:00,don262,rec3666,printedFaceShields,28.0,191.25650000000002
529,2020-05-14 16:26:00+00:00,don264,rec3685,printedFaceShields,600.0,1029.376
530,2020-05-14 16:26:00+00:00,don265,rec3685,printedFaceShields,5.0,191.25650000000002
531,2020-05-14 16:26:00+00:00,don267,rec3685,printedFaceShields,50.0,13.9625
532,2020-05-14 16:26:00+00:00,don27,rec3685,printedFaceShields,100.0,31.4605
533,2020-05-14 16:26:00+00:00,don272,rec3685,printedFaceShields,70.0,331.023
534,2020-05-14 16:26:00+00:00,don274,rec3685,printedFaceShields,50.0,1574.7820000000002
535,2020-05-14 16:26:00+00:00,don28,rec3685,printedFaceShields,100.0,1893.2645
536,2020-05-14 16:26:00+00:00,don280,rec3685,printedFaceShields,25.0,287.5555
537,2020-05-14 16:26:00+00:00,don284,rec3685,printedFaceShields,20.0,708.585
538,2020-05-14 16:26:00+00:00,don289,rec3685,printedFaceShields,100.0,470.42600000000004
539,2020-05-14 16:26:00+00:00,don290,rec3685,printedFaceShields,30.0,727.3615
540,2020-05-14 16:26:00+00:00,don299,rec3685,printedFaceShields,40.0,1280.471
541,2020-05-14 16:26:00+00:00,don3,rec3685,printedFaceShields,5.0,1057.0585
542,2020-05-14 16:26:00+00:00,don30,rec3685,printedFaceShields,1.0,1057.0585
543,2020-05-14 16:26:00+00:00,don302,rec3685,printedFaceShields,80.0,1117.795
544,2020-05-14 16:26:00+00:00,don307,rec3685,printedFaceShields,70.0,1609.719
545,2020-05-14 16:26:00+00:00,don308,rec3685,printedFaceShields,100.0,1464.1484999999998
546,2020-05-14 16:26:00+00:00,don309,rec3685,printedFaceShields,52.0,1393.7514999999999
547,2020-05-14 16:26:00+00:00,don31,rec3685,printedFaceShields,500.0,1117.795
548,2020-05-14 16:26:00+00:00,don318,rec3685,printedFaceShields,100.0,1962.951
549,2020-05-14 16:26:00+00:00,don319,rec3685,printedFaceShields,50.0,1213.853
550,2020-05-14 16:26:00+00:00,don32,rec3685,printedFaceShields,50.0,1646.1675
551,2020-05-14 16:26:00+00:00,don324,rec3685,printedFaceShields,100.0,958.2555
552,2020-05-14 16:26:00+00:00,don34,rec3685,printedFaceShields,100.0,1537.2215
553,2020-05-14 16:26:00+00:00,don342,rec3685,printedFaceShields,20.0,1574.7820000000002
554,2020-05-14 16:26:00+00:00,don344,rec3685,printedFaceShields,10.0,1361.0639999999999
555,2020-05-14 16:26:00+00:00,don345,rec3685,printedFaceShields,20.0,1893.2645
556,2020-05-14 16:26:00+00:00,don35,rec3685,printedFaceShields,100.0,980.8045
557,2020-05-14 16:26:00+00:00,don353,rec3685,printedFaceShields,50.0,1213.853
558,2020-05-14 16:26:00+00:00,don36,rec3685,printedFaceShields,48.0,1213.853
559,2020-05-14 16:26:00+00:00,don369,rec3685,printedFaceShields,40.0,1893.2645
560,2020-05-14 16:26:00+00:00,don37,rec3685,printedFaceShields,400.0,1153.0394999999999
561,2020-05-14 16:26:00+00:00,don375,rec3685,printedFaceShields,100.0,1609.719
562,2020-05-14 16:26:00+00:00,don379,rec3685,printedFaceShields,50.0,916.9045
563,2020-05-14 16:26:00+00:00,don38,rec3685,printedFaceShields,15.0,1741.351
564,2020-05-14 16:26:00+00:00,don388,rec3685,printedFaceShields,600.0,1771.381
565,2020-05-14 16:26:00+00:00,don389,rec3685,printedFaceShields,10.0,387.0505
566,2020-05-14 16:26:00+00:00,don40,rec3685,printedFaceShields,100.0,1893.2645
567,2020-05-14 16:26:00+00:00,don41,rec3685,printedFaceShields,100.0,1771.381
568,2020-05-14 16:26:00+00:00,don418,rec3685,printedFaceShields,50.0,1186.5075000000002
569,2020-05-14 16:26:00+00:00,don419,rec3685,printedFaceShields,80.0,1117.795
570,2020-05-14 16:26:00+00:00,don42,rec3685,printedFaceShields,500.0,1930.853
571,2020-05-14 16:26:00+00:00,don424,rec3685,printedFaceShields,50.0,1464.1484999999998
572,2020-05-14 16:26:00+00:00,don425,rec3685,printedFaceShields,40.0,1609.719
573,2020-05-14 16:26:00+00:00,don431,rec3685,printedFaceShields,100.0,980.8045
574,2020-05-14 16:26:00+00:00,don432,rec3685,printedFaceShields,500.0,1326.1255
575,2020-05-14 16:26:00+00:00,don44,rec3685,printedFaceShields,25.0,1280.471
576,2020-05-14 16:26:00+00:00,don45,rec3685,printedFaceShields,100.0,1213.853
577,2020-05-14 16:26:00+00:00,don459,rec3685,printedFaceShields,100.0,1241.0365000000002
578,2020-05-14 16:26:00+00:00,don46,rec3685,printedFaceShields,14.0,348.2025
579,2020-05-14 16:26:00+00:00,don460,rec3685,printedFaceShields,100.0,366.27750000000003
580,2020-05-14 16:26:00+00:00,don47,rec3685,printedFaceShields,100.0,916.9045
581,2020-05-14 16:26:00+00:00,don475,rec3685,printedFaceShields,100.0,1280.471
582,2020-05-14 16:26:00+00:00,don48,rec3685,printedFaceShields,70.0,1609.719
583,2020-05-14 16:26:00+00:00,don482,rec3685,printedFaceShields,100.0,1117.795
584,2020-05-14 16:26:00+00:00,don483,rec3685,printedFaceShields,500.0,1574.7820000000002
585,2020-05-14 16:26:00+00:00,don5,rec3685,printedFaceShields,7.0,1280.471
586,2020-05-14 16:26:00+00:00,don50,rec3685,printedFaceShields,100.0,1574.7820000000002
587,2020-05-14 16:26:00+00:00,don500,rec3685,printedFaceShields,15.0,1609.719
588,2020-05-14 16:26:00+00:00,don505,rec3685,printedFaceShields,100.0,1609.719
589,2020-05-14 16:26:00+00:00,don507,rec3685,printedFaceShields,350.0,1537.2215
590,2020-05-14 16:26:00+00:00,don508,rec3685,printedFaceShields,100.0,1609.719
591,2020-05-14 16:26:00+00:00,don52,rec3685,printedFaceShields,100.0,1117.795
592,2020-05-14 16:26:00+00:00,don520,rec3685,printedFaceShields,100.0,1574.7820000000002
593,2020-05-14 16:26:00+00:00,don521,rec3685,printedFaceShields,50.0,1930.853
594,2020-05-14 16:26:00+00:00,don523,rec3685,printedFaceShields,100.0,191.25650000000002
595,2020-05-14 16:26:00+00:00,don529,rec3685,printedFaceShields,35.0,1537.2215
596,2020-05-14 16:26:00+00:00,don53,rec3685,printedFaceShields,300.0,1930.853
597,2020-05-14 16:26:00+00:00,don530,rec3685,printedFaceShields,35.0,1609.719
598,2020-05-14 16:26:00+00:00,don538,rec3685,printedFaceShields,35.0,1893.2645
599,2020-05-14 16:26:00+00:00,don551,rec3685,printedFaceShields,20.0,1393.7514999999999
600,2020-05-14 16:26:00+00:00,don56,rec3685,printedFaceShields,15.0,1574.7820000000002
601,2020-05-14 16:26:00+00:00,don57,rec3685,printedFaceShields,9.0,1241.0365000000002
602,2020-05-14 16:26:00+00:00,don58,rec3685,printedFaceShields,50.0,191.25650000000002
603,2020-05-14 16:26:00+00:00,don585,rec3685,printedFaceShields,75.0,1213.853
604,2020-05-14 16:26:00+00:00,don59,rec3685,printedFaceShields,100.0,980.8045
605,2020-05-14 16:26:00+00:00,don6,rec3685,printedFaceShields,50.0,387.0505
606,2020-05-14 16:26:00+00:00,don60,rec3685,printedFaceShields,200.0,1241.0365000000002
607,2020-05-14 16:26:00+00:00,don61,rec3685,printedFaceShields,300.0,1609.719
608,2020-05-14 16:26:00+00:00,don62,rec3685,printedFaceShields,15.0,1241.0365000000002
609,2020-05-14 16:26:00+00:00,don621,rec3685,printedFaceShields,14.0,1962.951
610,2020-05-14 16:26:00+00:00,don626,rec3685,printedFaceShields,50.0,1609.719
611,2020-05-14 16:26:00+00:00,don63,rec3685,printedFaceShields,40.0,1326.1255
612,2020-05-14 16:26:00+00:00,don633,rec3685,printedFaceShields,14.0,892.107
613,2020-05-21 16:26:00+00:00,don788,rec3776,disposableBooties,30.0,21.814500000000002
614,2020-05-21 16:26:00+00:00,don799,rec1194,disposableBooties,100.0,5.1215
615,2020-05-21 16:26:00+00:00,don773,rec580,nitrileGloves,100.0,5.1215
616,2020-05-21 16:26:00+00:00,don799,rec3526,coveralls,25.0,21.814500000000002
617,2020-05-21 16:26:00+00:00,don773,rec3774,surgicalCaps,20.0,31.4605
618,2020-05-21 16:26:00+00:00,don791,rec3749,handSanitizer,3.0,31.4605
619,2020-05-21 16:26:00+00:00,don799,rec2138,gowns,300.0,21.814500000000002
620,2020-05-21 16:26:00+00:00,don803,rec190,gowns,24.0,5.1215
621,2020-05-21 16:26:00+00:00,don775,rec2480,respirators,20.0,5.1215
622,2020-05-21 16:26:00+00:00,don796,rec2575,respirators,10.0,5.1215
623,2020-05-21 16:26:00+00:00,don771,rec669,faceShields,25.0,5.1215
624,2020-05-21 16:26:00+00:00,don780,rec1278,faceShields,100.0,5.1215
625,2020-05-21 16:26:00+00:00,don789,rec2270,faceShields,5.0,5.1215
626,2020-05-21 16:26:00+00:00,don775,rec723,surgicalMasks,100.0,5.1215
627,2020-05-21 16:26:00+00:00,don777,rec2599,surgicalMasks,15.0,5.1215
628,2020-05-21 16:26:00+00:00,don791,rec3386,surgicalMasks,20.0,5.1215
629,2020-05-21 16:26:00+00:00,don796,rec3208,surgicalMasks,30.0,5.1215
630,2020-05-21 16:26:00+00:00,don805,rec3108,surgicalMasks,980.0,5.1215
631,2020-05-21 16:26:00+00:00,don778,rec1957,handmadeMasks,20.0,5.1215
632,2020-05-21 16:26:00+00:00,don781,rec3407,handmadeMasks,10.0,5.1215
633,2020-05-21 16:26:00+00:00,don782,rec2626,handmadeMasks,30.0,5.1215
634,2020-05-21 16:26:00+00:00,don787,rec1797,handmadeMasks,10.0,5.1215
635,2020-05-21 16:26:00+00:00,don792,rec2130,handmadeMasks,5.0,5.1215
636,2020-05-21 16:26:00+00:00,don802,rec1677,handmadeMasks,2.0,31.4605
637,2020-05-21 16:26:00+00:00,don804,rec1615,handmadeMasks,20.0,5.1215
638,2020-05-21 16:26:00+00:00,don806,rec1337,handmadeMasks,50.0,5.1215
639,2020-05-21 16:26:00+00:00,don64,rec3767,printedFaceShields,10.0,5.1215
640,2020-05-21 16:26:00+00:00,don65,rec3760,printedFaceShields,300.0,5.1215
641,2020-05-21 16:26:00+00:00,don654,rec3734,printedFaceShields,6.0,5.1215
642,2020-05-21 16:26:00+00:00,don657,rec3720,printedFaceShields,10.0,5.1215
643,2020-05-21 16:26:00+00:00,don658,rec3749,printedFaceShields,10.0,5.1215
644,2020-05-21 16:26:00+00:00,don67,rec3759,printedFaceShields,20.0,5.1215
645,2020-05-21 16:26:00+00:00,don676,rec3720,printedFaceShields,90.0,13.9625
646,2020-05-21 16:26:00+00:00,don68,rec3750,printedFaceShields,10.0,287.5555
647,2020-05-21 16:26:00+00:00,don69,rec3720,printedFaceShields,20.0,685.0084999999999
648,2020-05-21 16:26:00+00:00,don697,rec3739,printedFaceShields,20.0,257.8485
649,2020-05-21 16:26:00+00:00,don706,rec3733,printedFaceShields,8.0,21.814500000000002
650,2020-05-21 16:26:00+00:00,don71,rec3793,printedFaceShields,10.0,387.0505
651,2020-05-21 16:26:00+00:00,don712,rec3769,printedFaceShields,40.0,171.4935
652,2020-05-21 16:26:00+00:00,don715,rec3793,printedFaceShields,60.0,937.9275
653,2020-05-21 16:26:00+00:00,don716,rec3793,printedFaceShields,30.0,209.404
654,2020-05-28 16:26:00+00:00,don823,rec1101,disinfectingWipes,20.0,5.1215
655,2020-05-28 16:26:00+00:00,don823,rec1013,thermometers,3.0,5.1215
656,2020-05-28 16:26:00+00:00,don813,rec1332,nitrileGloves,10.0,13.9625
657,2020-05-28 16:26:00+00:00,don815,rec615,nitrileGloves,2.0,13.9625
658,2020-05-28 16:26:00+00:00,don818,rec3611,nitrileGloves,8.0,13.9625
659,2020-05-28 16:26:00+00:00,don834,rec3542,nitrileGloves,300.0,5.1215
660,2020-05-28 16:26:00+00:00,don838,rec560,nitrileGloves,500.0,5.1215
661,2020-05-28 16:26:00+00:00,don834,rec3935,coveralls,12.0,31.4605
662,2020-05-28 16:26:00+00:00,don824,rec1,handSanitizer,4.0,5.1215
663,2020-05-28 16:26:00+00:00,don823,rec482,gowns,50.0,5.1215
664,2020-05-28 16:26:00+00:00,don810,rec1870,respirators,100.0,5.1215
665,2020-05-28 16:26:00+00:00,don823,rec3594,respirators,10.0,5.1215
666,2020-05-28 16:26:00+00:00,don834,rec1708,respirators,150.0,5.1215
667,2020-05-28 16:26:00+00:00,don838,rec3140,respirators,420.0,21.814500000000002
668,2020-05-28 16:26:00+00:00,don850,rec2647,respirators,100.0,21.814500000000002
669,2020-05-28 16:26:00+00:00,don807,rec2982,faceShields,5.0,21.814500000000002
670,2020-05-28 16:26:00+00:00,don817,rec3050,faceShields,20.0,21.814500000000002
671,2020-05-28 16:26:00+00:00,don827,rec516,faceShields,3.0,5.1215
672,2020-05-28 16:26:00+00:00,don848,rec19,faceShields,99.0,5.1215
673,2020-05-28 16:26:00+00:00,don810,rec2392,surgicalMasks,50.0,5.1215
674,2020-05-28 16:26:00+00:00,don813,rec1476,surgicalMasks,500.0,5.1215
675,2020-05-28 16:26:00+00:00,don816,rec2675,surgicalMasks,4.0,5.1215
676,2020-05-28 16:26:00+00:00,don834,rec2170,surgicalMasks,1.0,5.1215
677,2020-05-28 16:26:00+00:00,don845,rec3896,bodyBags,10.0,5.1215
678,2020-05-28 16:26:00+00:00,don808,rec253,handmadeMasks,50.0,5.1215
679,2020-05-28 16:26:00+00:00,don813,rec1641,handmadeMasks,80.0,5.1215
680,2020-05-28 16:26:00+00:00,don842,rec3838,handmadeMasks,12.0,5.1215
681,2020-05-28 16:26:00+00:00,don848,rec19,handmadeMasks,100.0,5.1215
682,2020-05-28 16:26:00+00:00,don834,rec3863,safetyGoggles,15.0,5.1215
683,2020-05-28 16:26:00+00:00,don719,rec3826,printedFaceShields,90.0,5.1215
684,2020-05-28 16:26:00+00:00,don722,rec3823,printedFaceShields,50.0,5.1215
685,2020-05-28 16:26:00+00:00,don751,rec3910,printedFaceShields,50.0,5.1215
686,2020-05-28 16:26:00+00:00,don753,rec3816,printedFaceShields,10.0,5.1215
687,2020-05-28 16:26:00+00:00,don756,rec3874,printedFaceShields,5.0,5.1215
688,2020-05-28 16:26:00+00:00,don757,rec3826,printedFaceShields,20.0,5.1215
689,2020-05-28 16:26:00+00:00,don758,rec3873,printedFaceShields,10.0,5.1215
690,2020-05-28 16:26:00+00:00,don76,rec3826,printedFaceShields,70.0,5.1215
691,2020-05-28 16:26:00+00:00,don776,rec3837,printedFaceShields,500.0,5.1215
692,2020-05-28 16:26:00+00:00,don783,rec3920,printedFaceShields,200.0,5.1215
693,2020-05-28 16:26:00+00:00,don793,rec3851,printedFaceShields,30.0,5.1215
694,2020-05-28 16:26:00+00:00,don8,rec3826,printedFaceShields,100.0,5.1215
695,2020-05-28 16:26:00+00:00,don80,rec3817,printedFaceShields,40.0,191.25650000000002
696,2020-05-28 16:26:00+00:00,don814,rec3807,printedFaceShields,5.0,21.814500000000002
697,2020-05-28 16:26:00+00:00,don825,rec3823,printedFaceShields,5.0,5.1215
698,2020-05-28 16:26:00+00:00,don826,rec3826,printedFaceShields,52.0,5.1215
699,2020-05-28 16:26:00+00:00,don828,rec3826,printedFaceShields,50.0,5.1215
700,2020-05-28 16:26:00+00:00,don83,rec3826,printedFaceShields,70.0,13.9625
701,2020-05-28 16:26:00+00:00,don835,rec3887,printedFaceShields,60.0,13.9625
702,2020-05-28 16:26:00+00:00,don844,rec3841,printedFaceShields,20.0,13.9625
703,2020-05-28 16:26:00+00:00,don846,rec3826,printedFaceShields,50.0,13.9625
704,2020-05-28 16:26:00+00:00,don849,rec3804,printedFaceShields,120.0,5.1215
705,2020-05-28 16:26:00+00:00,don87,rec3826,printedFaceShields,24.0,117.8545
706,2020-05-28 16:26:00+00:00,don88,rec3826,printedFaceShields,50.0,5.1215
707,2020-05-28 16:26:00+00:00,don89,rec3817,printedFaceShields,960.0,92.1265
708,2020-05-28 16:26:00+00:00,don9,rec3887,printedFaceShields,30.0,312.05600000000004
709,2020-05-28 16:26:00+00:00,don91,rec3908,printedFaceShields,2.0,331.023
710,2020-05-28 16:26:00+00:00,don95,rec3826,printedFaceShields,20.0,312.05600000000004
711,2020-05-28 16:26:00+00:00,don97,rec3826,printedFaceShields,100.0,257.8485
712,2020-06-04 16:26:00+00:00,don851,rec4279,surgicalMasks,200.0,5.1215
713,2020-06-04 16:26:00+00:00,don855,rec4315,printedFaceShields,1.0,5.1215
714,2020-06-04 16:26:00+00:00,don856,rec4382,printedFaceShields,10.0,92.1265
715,2020-06-04 16:26:00+00:00,don854,rec786,faceShields,40.0,5.1215
716,2020-06-04 16:26:00+00:00,don858,rec260,faceShields,200.0,5.1215
717,2020-06-04 16:26:00+00:00,don853,rec4403,handmadeMasks,20.0,5.1215
718,2020-06-11 16:26:00+00:00,don871,rec4475,handSanitizer,200.0,5.1215
719,2020-06-11 16:26:00+00:00,don859,rec2866,respirators,8.0,5.1215
720,2020-06-11 16:26:00+00:00,don866,rec709,respirators,1000.0,5.1215
721,2020-06-11 16:26:00+00:00,don868,rec2092,respirators,200.0,5.1215
722,2020-06-11 16:26:00+00:00,don870,rec3315,respirators,20.0,5.1215
723,2020-06-11 16:26:00+00:00,don875,rec156,faceShields,106.0,5.1215
724,2020-06-11 16:26:00+00:00,don861,rec3094,handmadeMasks,20.0,5.1215
725,2020-06-11 16:26:00+00:00,don862,rec1551,handmadeMasks,200.0,5.1215
726,2020-06-11 16:26:00+00:00,don864,rec1504,handmadeMasks,5.0,5.1215
727,2020-06-11 16:26:00+00:00,don873,rec3271,handmadeMasks,2.0,67.313
728,2020-06-11 16:26:00+00:00,don876,rec496,handmadeMasks,104.0,21.814500000000002
729,2020-06-11 16:26:00+00:00,don877,rec3449,handmadeMasks,33.0,5.1215
730,2020-06-11 16:26:00+00:00,don860,rec4897,printedFaceShields,200.0,5.1215
731,2020-06-11 16:26:00+00:00,don865,rec3953,printedFaceShields,20.0,117.8545
732,2020-06-11 16:26:00+00:00,don870,rec4568,printedFaceShields,4.0,21.814500000000002
733,2020-06-11 16:26:00+00:00,don872,rec3899,printedFaceShields,40.0,21.814500000000002
734,2020-06-11 16:26:00+00:00,don874,rec4135,printedFaceShields,10.0,21.814500000000002
735,2020-06-18 16:26:00+00:00,don902,rec1038,disinfectingWipes,10.0,5.1215
736,2020-06-18 16:26:00+00:00,don878,rec3482,disposableBooties,100.0,146.46300000000002
737,2020-06-18 16:26:00+00:00,don879,rec3576,disposableBooties,50.0,5.1215
738,2020-06-18 16:26:00+00:00,don882,rec5010,coveralls,1.0,209.404
739,2020-06-18 16:26:00+00:00,don893,rec3426,gowns,20.0,13.9625
740,2020-06-18 16:26:00+00:00,don888,rec26,respirators,100.0,13.9625
741,2020-06-18 16:26:00+00:00,don890,rec771,surgicalMasks,300.0,13.9625
742,2020-06-18 16:26:00+00:00,don895,rec1939,surgicalMasks,50.0,13.9625
743,2020-06-18 16:26:00+00:00,don901,rec3491,surgicalMasks,60.0,5.1215
744,2020-06-18 16:26:00+00:00,don891,rec1863,faceShields,12.0,5.1215
745,2020-06-18 16:26:00+00:00,don893,rec3426,faceShields,20.0,5.1215
746,2020-06-18 16:26:00+00:00,don903,rec2035,faceShields,350.0,5.1215
747,2020-06-18 16:26:00+00:00,don883,rec1366,handmadeMasks,100.0,5.1215
748,2020-06-18 16:26:00+00:00,don885,rec1004,handmadeMasks,25.0,5.1215
749,2020-06-18 16:26:00+00:00,don900,rec3345,handmadeMasks,100.0,5.1215
750,2020-06-18 16:26:00+00:00,don899,rec3887,printedFaceShields,36.0,5.1215
751,2020-06-25 16:26:00+00:00,don907,rec1595,surgicalMasks,20.0,5.1215
752,2020-06-25 16:26:00+00:00,don908,rec3219,faceShields,2.0,5.1215
753,2020-06-25 16:26:00+00:00,don910,rec4232,faceShields,31.0,5.1215
754,2020-06-25 16:26:00+00:00,don911,rec2501,faceShields,100.0,5.1215
755,2020-06-25 16:26:00+00:00,don904,rec2522,handmadeMasks,40.0,5.1215
756,2020-06-25 16:26:00+00:00,don906,rec5350,handmadeMasks,2.0,5.1215
757,2020-06-25 16:26:00+00:00,don905,rec869,respirators,100.0,5.1215
758,2020-07-02 16:26:00+00:00,don912,rec3960,surgicalMasks,1.0,5.1215
759,2020-07-02 16:26:00+00:00,don922,rec1400,surgicalMasks,50.0,5.1215
760,2020-07-02 16:26:00+00:00,don925,rec1616,surgicalMasks,1000.0,5.1215
761,2020-07-02 16:26:00+00:00,don918,rec1699,faceShields,5.0,5.1215
762,2020-07-02 16:26:00+00:00,don917,rec4215,handmadeMasks,20.0,5.1215
763,2020-07-02 16:26:00+00:00,don919,rec2765,handmadeMasks,10.0,45.4975
764,2020-07-02 16:26:00+00:00,don920,rec5317,handmadeMasks,20.0,5.1215
765,2020-07-02 16:26:00+00:00,don921,rec2099,handmadeMasks,20.0,5.1215
766,2020-07-02 16:26:00+00:00,don923,rec5958,handmadeMasks,20.0,31.4605
767,2020-07-02 16:26:00+00:00,don924,rec0,respirators,3.0,5.1215
768,2020-07-09 16:26:00+00:00,don936,rec5623,disinfectingWipes,5.0,5.1215
769,2020-07-09 16:26:00+00:00,don942,rec4238,coveralls,10.0,5.1215
770,2020-07-09 16:26:00+00:00,don929,rec4425,respirators,5.0,5.1215
771,2020-07-09 16:26:00+00:00,don936,rec4671,respirators,20.0,5.1215
772,2020-07-09 16:26:00+00:00,don946,rec3939,respirators,20.0,5.1215
773,2020-07-09 16:26:00+00:00,don933,rec1550,faceShields,30.0,5.1215
774,2020-07-09 16:26:00+00:00,don939,rec48,faceShields,25.0,5.1215
775,2020-07-09 16:26:00+00:00,don936,rec2747,surgicalMasks,30.0,5.1215
776,2020-07-09 16:26:00+00:00,don940,rec4008,surgicalMasks,100.0,5.1215
777,2020-07-09 16:26:00+00:00,don943,rec1707,surgicalMasks,200.0,5.1215
778,2020-07-09 16:26:00+00:00,don946,rec4371,surgicalMasks,50.0,5.1215
779,2020-07-09 16:26:00+00:00,don948,rec850,surgicalMasks,35.0,5.1215
780,2020-07-09 16:26:00+00:00,don949,rec2628,surgicalMasks,100.0,5.1215
781,2020-07-09 16:26:00+00:00,don926,rec5765,handmadeMasks,10.0,5.1215
782,2020-07-09 16:26:00+00:00,don927,rec1929,handmadeMasks,12.0,5.1215
783,2020-07-09 16:26:00+00:00,don930,rec2865,handmadeMasks,100.0,5.1215
784,2020-07-09 16:26:00+00:00,don932,rec3186,handmadeMasks,10.0,5.1215
785,2020-07-09 16:26:00+00:00,don937,rec4279,handmadeMasks,24.0,5.1215
786,2020-07-09 16:26:00+00:00,don938,rec2879,handmadeMasks,10.0,5.1215
787,2020-07-09 16:26:00+00:00,don941,rec1873,handmadeMasks,25.0,21.814500000000002
788,2020-07-09 16:26:00+00:00,don947,rec4733,handmadeMasks,25.0,5.1215
789,2020-07-09 16:26:00+00:00,don950,rec5063,handmadeMasks,10.0,5.1215
790,2020-07-09 16:26:00+00:00,don951,rec133,handmadeMasks,15.0,5.1215
791,2020-07-16 16:26:00+00:00,don968,rec4524,disinfectingWipes,5.0,45.4975
792,2020-07-16 16:26:00+00:00,don956,rec5955,coveralls,5.0,45.4975
793,2020-07-16 16:26:00+00:00,don961,rec4286,handSanitizer,3.0,45.4975
794,2020-07-16 16:26:00+00:00,don954,rec1610,respirators,5.0,5.1215
795,2020-07-16 16:26:00+00:00,don956,rec2821,surgicalMasks,20.0,5.1215
796,2020-07-16 16:26:00+00:00,don959,rec3590,faceShields,10.0,21.814500000000002
797,2020-07-16 16:26:00+00:00,don952,rec1524,handmadeMasks,281.0,5.1215
798,2020-07-16 16:26:00+00:00,don957,rec351,handmadeMasks,40.0,5.1215
799,2020-07-16 16:26:00+00:00,don960,rec4491,handmadeMasks,30.0,5.1215
800,2020-07-16 16:26:00+00:00,don962,rec300,handmadeMasks,15.0,5.1215
801,2020-07-16 16:26:00+00:00,don964,rec1054,handmadeMasks,7.0,5.1215
802,2020-07-16 16:26:00+00:00,don966,rec2258,handmadeMasks,4.0,5.1215
803,2020-07-16 16:26:00+00:00,don965,rec6237,printedFaceShields,30.0,5.1215
804,2020-07-16 16:26:00+00:00,don969,rec6089,printedFaceShields,100.0,5.1215
