,don_id,date,ppe,qty,don_req_id
0,don0,2020-04-09 13:08:00+00:00,printedFaceShields,10.0,0
1,don1,2020-04-09 13:36:00+00:00,printedFaceShields,1.0,1
2,don2,2020-04-09 13:53:00+00:00,printedFaceShields,3000.0,2
3,don3,2020-04-09 14:24:00+00:00,printedFaceShields,5.0,3
4,don71,2020-04-09 17:52:00+00:00,printedFaceShields,10.0,4
5,don5,2020-04-09 23:43:00+00:00,printedFaceShields,7.0,5
6,don6,2020-04-10 02:45:00+00:00,printedFaceShields,50.0,6
7,don165,2020-04-10 04:30:00+00:00,printedFaceShields,100.0,7
8,don8,2020-04-10 11:13:00+00:00,printedFaceShields,100.0,8
9,don9,2020-04-10 11:32:00+00:00,printedFaceShields,30.0,9
10,don10,2020-04-10 11:44:00+00:00,printedFaceShields,20.0,10
11,don11,2020-04-10 12:09:00+00:00,printedFaceShields,100.0,11
12,don12,2020-04-10 12:35:00+00:00,printedFaceShields,500.0,12
13,don13,2020-04-10 15:12:00+00:00,printedFaceShields,100.0,13
14,don14,2020-04-10 18:30:00+00:00,printedFaceShields,14.0,14
15,don237,2020-04-10 19:27:00+00:00,printedFaceShields,10.0,15
16,don16,2020-04-10 20:39:00+00:00,printedFaceShields,400.0,16
17,don17,2020-04-10 20:40:00+00:00,printedFaceShields,30.0,17
18,don18,2020-04-10 21:04:00+00:00,printedFaceShields,50.0,18
19,don19,2020-04-10 23:57:00+00:00,printedFaceShields,30.0,19
20,don20,2020-04-11 12:09:00+00:00,printedFaceShields,1000.0,20
21,don21,2020-04-11 18:00:00+00:00,printedFaceShields,70.0,21
22,don22,2020-04-11 18:22:00+00:00,printedFaceShields,50.0,22
23,don23,2020-04-11 21:04:00+00:00,printedFaceShields,50.0,23
24,don24,2020-04-12 11:39:00+00:00,printedFaceShields,5.0,24
25,don25,2020-04-12 15:57:00+00:00,printedFaceShields,50.0,25
26,don26,2020-04-13 10:09:00+00:00,printedFaceShields,35.0,26
27,don27,2020-04-13 10:22:00+00:00,printedFaceShields,100.0,27
28,don28,2020-04-13 11:19:00+00:00,printedFaceShields,100.0,28
29,don29,2020-04-13 12:04:00+00:00,printedFaceShields,5000.0,29
30,don30,2020-04-13 12:46:00+00:00,printedFaceShields,1.0,30
31,don31,2020-04-13 13:04:00+00:00,printedFaceShields,500.0,31
32,don32,2020-04-13 13:53:00+00:00,printedFaceShields,50.0,32
33,don33,2020-04-13 14:47:00+00:00,printedFaceShields,4000.0,33
34,don34,2020-04-13 15:00:00+00:00,printedFaceShields,100.0,34
35,don35,2020-04-13 15:07:00+00:00,printedFaceShields,100.0,35
36,don36,2020-04-13 15:14:00+00:00,printedFaceShields,48.0,36
37,don37,2020-04-13 15:47:00+00:00,printedFaceShields,400.0,37
38,don38,2020-04-13 15:51:00+00:00,printedFaceShields,15.0,38
39,don39,2020-04-13 16:46:00+00:00,printedFaceShields,100000.0,39
40,don40,2020-04-13 18:58:00+00:00,printedFaceShields,100.0,40
41,don41,2020-04-13 23:44:00+00:00,printedFaceShields,100.0,41
42,don42,2020-04-14 01:46:00+00:00,printedFaceShields,500.0,42
43,don43,2020-04-14 15:03:00+00:00,printedFaceShields,2000.0,43
44,don44,2020-04-14 17:48:00+00:00,printedFaceShields,25.0,44
45,don45,2020-04-15 10:21:00+00:00,printedFaceShields,100.0,45
46,don46,2020-04-15 10:56:00+00:00,printedFaceShields,14.0,46
47,don47,2020-04-15 16:05:00+00:00,printedFaceShields,100.0,47
48,don48,2020-04-15 19:24:00+00:00,printedFaceShields,70.0,48
49,don49,2020-04-15 20:54:00+00:00,printedFaceShields,3000.0,49
50,don50,2020-04-15 22:04:00+00:00,printedFaceShields,100.0,50
51,don60,2020-04-16 00:19:00+00:00,printedFaceShields,100.0,51
52,don52,2020-04-16 10:52:00+00:00,printedFaceShields,100.0,52
53,don53,2020-04-16 11:19:00+00:00,printedFaceShields,300.0,53
54,don54,2020-04-16 12:22:00+00:00,printedFaceShields,10000.0,54
55,don148,2020-04-16 14:49:00+00:00,printedFaceShields,82.0,55
56,don56,2020-04-16 16:01:00+00:00,printedFaceShields,15.0,56
57,don57,2020-04-16 16:39:00+00:00,printedFaceShields,9.0,57
58,don58,2020-04-16 17:00:00+00:00,printedFaceShields,50.0,58
59,don59,2020-04-16 17:31:00+00:00,printedFaceShields,100.0,59
60,don60,2020-04-16 19:07:00+00:00,printedFaceShields,100.0,60
61,don61,2020-04-16 19:55:00+00:00,printedFaceShields,300.0,61
62,don62,2020-04-16 23:15:00+00:00,printedFaceShields,15.0,62
63,don63,2020-04-17 01:18:00+00:00,printedFaceShields,40.0,63
64,don64,2020-04-17 13:16:00+00:00,printedFaceShields,50.0,64
65,don65,2020-04-17 18:27:00+00:00,printedFaceShields,500.0,65
66,don66,2020-04-18 13:18:00+00:00,printedFaceShields,100000000000000.0,66
67,don67,2020-04-18 14:12:00+00:00,printedFaceShields,30.0,67
68,don68,2020-04-18 23:34:00+00:00,printedFaceShields,25.0,68
69,don69,2020-04-19 00:41:00+00:00,printedFaceShields,50.0,69
70,don150,2020-04-19 04:00:00+00:00,handmadeMasks,50.0,70
71,don71,2020-04-19 04:00:00+00:00,handmadeMasks,10.0,71
72,don72,2020-04-19 04:00:00+00:00,handmadeMasks,25.0,72
73,don73,2020-04-19 04:00:00+00:00,handmadeMasks,200.0,73
74,don74,2020-04-19 04:00:00+00:00,handmadeMasks,2.0,74
75,don75,2020-04-19 04:00:00+00:00,handmadeMasks,1.0,75
76,don76,2020-04-19 04:00:00+00:00,printedFaceShields,70.0,76
77,don77,2020-04-19 04:00:00+00:00,surgicalMasks,95.0,77
78,don78,2020-04-19 04:00:00+00:00,respirators,20.0,78
79,don150,2020-04-19 04:00:00+00:00,handmadeMasks,50.0,79
80,don80,2020-04-19 04:00:00+00:00,printedFaceShields,40.0,80
81,don81,2020-04-19 04:00:00+00:00,handmadeMasks,100.0,81
82,don82,2020-04-19 04:00:00+00:00,coveralls,4.0,82
83,don83,2020-04-19 04:00:00+00:00,printedFaceShields,70.0,83
84,don84,2020-04-19 04:00:00+00:00,nitrileGloves,200.0,84
85,don85,2020-04-19 04:00:00+00:00,handmadeMasks,50.0,85
86,don86,2020-04-19 04:00:00+00:00,nitrileGloves,500.0,86
87,don87,2020-04-19 04:00:00+00:00,printedFaceShields,24.0,87
88,don88,2020-04-19 04:00:00+00:00,printedFaceShields,50.0,88
89,don89,2020-04-19 04:00:00+00:00,printedFaceShields,1000.0,89
90,don90,2020-04-19 04:00:00+00:00,nitrileGloves,5.0,90
91,don91,2020-04-19 04:00:00+00:00,printedFaceShields,30.0,91
92,don92,2020-04-19 04:00:00+00:00,nitrileGloves,3.0,92
93,don93,2020-04-19 04:00:00+00:00,respirators,140.0,93
94,don94,2020-04-19 04:00:00+00:00,handmadeMasks,32.0,94
95,don95,2020-04-19 04:00:00+00:00,printedFaceShields,20.0,95
96,don96,2020-04-19 04:00:00+00:00,surgicalMasks,300.0,96
97,don97,2020-04-19 04:00:00+00:00,printedFaceShields,100.0,97
98,don98,2020-04-19 04:00:00+00:00,respirators,1.0,98
99,don99,2020-04-19 04:00:00+00:00,handmadeMasks,10.0,99
100,don100,2020-04-19 04:00:00+00:00,nitrileGloves,100.0,100
101,don101,2020-04-19 04:00:00+00:00,surgicalMasks,200.0,101
102,don102,2020-04-19 04:00:00+00:00,respirators,30.0,102
103,don103,2020-04-19 04:00:00+00:00,respirators,2.0,103
104,don104,2020-04-19 04:00:00+00:00,printedFaceShields,20.0,104
105,don105,2020-04-19 04:00:00+00:00,printedFaceShields,200.0,105
106,don106,2020-04-19 04:00:00+00:00,disposableBooties,5250.0,106
107,don107,2020-04-19 04:00:00+00:00,respirators,40.0,107
108,don108,2020-04-19 04:00:00+00:00,printedFaceShields,30.0,108
109,don109,2020-04-19 04:00:00+00:00,handmadeMasks,25.0,109
110,don110,2020-04-19 04:00:00+00:00,handmadeMasks,3000.0,110
111,don150,2020-04-19 04:00:00+00:00,handmadeMasks,50.0,111
112,don112,2020-04-19 04:00:00+00:00,handmadeMasks,70.0,112
113,don113,2020-04-19 04:00:00+00:00,surgicalMasks,15000.0,113
114,don114,2020-04-19 04:00:00+00:00,disinfectingWipes,150.0,114
115,don115,2020-04-19 04:00:00+00:00,printedFaceShields,25.0,115
116,don116,2020-04-19 04:00:00+00:00,babyMonitors,50.0,116
117,don117,2020-04-19 04:00:00+00:00,nitrileGloves,1.0,117
118,don118,2020-04-19 04:00:00+00:00,nitrileGloves,700.0,118
119,don119,2020-04-19 04:00:00+00:00,nitrileGloves,9.0,119
120,don120,2020-04-19 04:00:00+00:00,nitrileGloves,300.0,120
121,don121,2020-04-19 04:00:00+00:00,surgicalMasks,100.0,121
122,don122,2020-04-19 04:00:00+00:00,handmadeMasks,18.0,122
123,don123,2020-04-19 04:00:00+00:00,handmadeMasks,30.0,123
124,don124,2020-04-19 04:00:00+00:00,handmadeMasks,490.0,124
125,don125,2020-04-19 04:00:00+00:00,handmadeMasks,500.0,125
126,don126,2020-04-19 04:00:00+00:00,coveralls,384.0,126
127,don127,2020-04-19 04:00:00+00:00,surgicalMasks,1000.0,127
128,don128,2020-04-19 04:00:00+00:00,faceShields,100.0,128
129,don129,2020-04-19 04:00:00+00:00,respirators,20.0,129
130,don130,2020-04-19 04:00:00+00:00,surgicalMasks,50.0,130
131,don131,2020-04-19 04:00:00+00:00,surgicalMasks,150.0,131
132,don132,2020-04-19 04:00:00+00:00,printedFaceShields,50.0,132
133,don133,2020-04-19 04:00:00+00:00,printedFaceShields,100.0,133
134,don134,2020-04-19 04:00:00+00:00,respirators,10.0,134
135,don135,2020-04-19 04:00:00+00:00,respirators,300.0,135
136,don136,2020-04-19 04:00:00+00:00,printedFaceShields,9.0,136
137,don137,2020-04-19 04:00:00+00:00,printedFaceShields,15.0,137
138,don138,2020-04-19 04:00:00+00:00,printedFaceShields,42.0,138
139,don139,2020-04-19 04:00:00+00:00,respirators,200.0,139
140,don140,2020-04-19 04:00:00+00:00,printedFaceShields,50.0,140
141,don141,2020-04-19 04:00:00+00:00,handmadeMasks,200.0,141
142,don142,2020-04-19 04:00:00+00:00,respirators,30.0,142
143,don143,2020-04-19 04:00:00+00:00,respirators,15.0,143
144,don144,2020-04-19 04:00:00+00:00,printedFaceShields,100.0,144
145,don145,2020-04-19 04:00:00+00:00,nitrileGloves,200.0,145
146,don146,2020-04-19 04:00:00+00:00,handmadeMasks,12500.0,146
147,don147,2020-04-19 04:00:00+00:00,handmadeMasks,50.0,147
148,don148,2020-04-19 04:00:00+00:00,handmadeMasks,20.0,148
149,don149,2020-04-19 04:00:00+00:00,handmadeMasks,1000.0,149
150,don150,2020-04-19 04:00:00+00:00,handmadeMasks,50.0,150
151,don151,2020-04-19 04:00:00+00:00,surgicalMasks,20000.0,151
152,don152,2020-04-19 04:00:00+00:00,surgicalMasks,150.0,152
153,don153,2020-04-19 04:00:00+00:00,surgicalMasks,50.0,153
154,don154,2020-04-19 04:00:00+00:00,printedFaceShields,50.0,154
155,don155,2020-04-19 04:00:00+00:00,printedFaceShields,100.0,155
156,don156,2020-04-19 04:00:00+00:00,printedFaceShields,100.0,156
157,don157,2020-04-19 04:00:00+00:00,surgicalMasks,50.0,157
158,don158,2020-04-19 04:00:00+00:00,nitrileGloves,1200.0,158
159,don159,2020-04-19 04:00:00+00:00,printedFaceShields,50.0,159
160,don160,2020-04-19 04:00:00+00:00,handmadeMasks,1.0,160
161,don161,2020-04-19 04:00:00+00:00,handmadeMasks,33.0,161
162,don189,2020-04-19 04:00:00+00:00,handmadeMasks,25.0,162
163,don163,2020-04-19 04:00:00+00:00,handmadeMasks,100.0,163
164,don164,2020-04-19 04:00:00+00:00,handmadeMasks,50.0,164
165,don165,2020-04-19 04:00:00+00:00,handmadeMasks,100.0,165
166,don166,2020-04-19 04:00:00+00:00,handmadeMasks,38.0,166
167,don167,2020-04-19 04:00:00+00:00,surgicalMasks,1000.0,167
168,don168,2020-04-19 04:00:00+00:00,printedFaceShields,150.0,168
169,don169,2020-04-19 04:00:00+00:00,respirators,1.0,169
170,don170,2020-04-19 04:00:00+00:00,handmadeMasks,50.0,170
171,don171,2020-04-19 04:00:00+00:00,disposableBooties,300.0,171
172,don172,2020-04-19 04:00:00+00:00,respirators,4.0,172
173,don173,2020-04-19 04:00:00+00:00,handSanitizer,1.0,173
174,don174,2020-04-19 04:00:00+00:00,respirators,200.0,174
175,don175,2020-04-19 04:00:00+00:00,nitrileGloves,1.0,175
176,don176,2020-04-19 04:00:00+00:00,respirators,8.0,176
177,don177,2020-04-19 04:00:00+00:00,respirators,8.0,177
178,don178,2020-04-19 04:00:00+00:00,handmadeMasks,30.0,178
179,don179,2020-04-19 04:00:00+00:00,handmadeMasks,60.0,179
180,don180,2020-04-19 04:00:00+00:00,handmadeMasks,50.0,180
181,don181,2020-04-19 04:00:00+00:00,handmadeMasks,5.0,181
182,don182,2020-04-19 04:00:00+00:00,handmadeMasks,20.0,182
183,don183,2020-04-19 04:00:00+00:00,respirators,42.0,183
184,don184,2020-04-19 04:00:00+00:00,handmadeMasks,500.0,184
185,don185,2020-04-19 04:00:00+00:00,handmadeMasks,18.0,185
186,don186,2020-04-19 04:00:00+00:00,handmadeMasks,400.0,186
187,don187,2020-04-19 04:00:00+00:00,handmadeMasks,15.0,187
188,don188,2020-04-19 04:00:00+00:00,handmadeMasks,450.0,188
189,don189,2020-04-19 04:00:00+00:00,handmadeMasks,12.0,189
190,don190,2020-04-19 04:00:00+00:00,handmadeMasks,25.0,190
191,don191,2020-04-19 04:00:00+00:00,handmadeMasks,100.0,191
192,don192,2020-04-19 04:00:00+00:00,handmadeMasks,260.0,192
193,don193,2020-04-19 04:00:00+00:00,surgicalMasks,6000.0,193
194,don194,2020-04-19 04:00:00+00:00,respirators,10.0,194
195,don195,2020-04-19 04:00:00+00:00,printedFaceShields,30.0,195
196,don196,2020-04-19 04:00:00+00:00,handSanitizer,10.0,196
197,don197,2020-04-19 04:00:00+00:00,handmadeMasks,40.0,197
198,don198,2020-04-19 04:00:00+00:00,surgicalMasks,2000.0,198
199,don199,2020-04-19 04:00:00+00:00,printedFaceShields,20.0,199
200,don200,2020-04-19 04:00:00+00:00,gowns,49.0,200
201,don201,2020-04-19 04:00:00+00:00,handmadeMasks,50.0,201
202,don202,2020-04-19 04:00:00+00:00,handmadeMasks,100.0,202
203,don203,2020-04-19 04:00:00+00:00,handmadeMasks,30.0,203
204,don204,2020-04-19 04:00:00+00:00,handmadeMasks,3000.0,204
205,don205,2020-04-19 04:00:00+00:00,safetyGlasses,1000.0,205
206,don206,2020-04-19 04:00:00+00:00,respirators,10.0,206
207,don207,2020-04-19 04:00:00+00:00,handmadeMasks,30.0,207
208,don208,2020-04-19 04:00:00+00:00,handmadeMasks,100.0,208
209,don209,2020-04-19 04:00:00+00:00,handmadeMasks,17.0,209
210,don210,2020-04-19 04:00:00+00:00,handmadeMasks,10.0,210
211,don211,2020-04-19 04:00:00+00:00,handmadeMasks,70.0,211
212,don212,2020-04-19 04:00:00+00:00,handmadeMasks,100.0,212
213,don213,2020-04-19 04:00:00+00:00,handmadeMasks,40.0,213
214,don214,2020-04-19 04:00:00+00:00,respirators,100.0,214
215,don215,2020-04-19 04:00:00+00:00,surgicalMasks,2000.0,215
216,don216,2020-04-19 04:00:00+00:00,disinfectingWipes,80.0,216
217,don217,2020-04-19 04:00:00+00:00,printedFaceShields,11.0,217
218,don218,2020-04-19 04:00:00+00:00,printedFaceShields,40.0,218
219,don219,2020-04-19 04:00:00+00:00,printedFaceShields,500.0,219
220,don220,2020-04-19 04:00:00+00:00,nitrileGloves,20000.0,220
221,don221,2020-04-19 04:00:00+00:00,respirators,1000.0,221
222,don222,2020-04-19 04:00:00+00:00,handmadeMasks,36.0,222
223,don223,2020-04-19 04:00:00+00:00,printedFaceShields,500.0,223
224,don224,2020-04-19 04:00:00+00:00,printedFaceShields,200.0,224
225,don225,2020-04-19 04:00:00+00:00,handmadeMasks,50.0,225
226,don226,2020-04-19 04:00:00+00:00,handmadeMasks,20.0,226
227,don227,2020-04-19 04:00:00+00:00,handmadeMasks,5.0,227
228,don228,2020-04-19 04:00:00+00:00,respirators,6000.0,228
229,don229,2020-04-19 04:00:00+00:00,printedFaceShields,50.0,229
230,don230,2020-04-19 04:00:00+00:00,faceShields,2500.0,230
231,don231,2020-04-19 04:00:00+00:00,printedFaceShields,20.0,231
232,don232,2020-04-19 04:00:00+00:00,respirators,4.0,232
233,don233,2020-04-19 04:00:00+00:00,nitrileGloves,200.0,233
234,don234,2020-04-19 04:00:00+00:00,printedFaceShields,200.0,234
235,don235,2020-04-19 04:00:00+00:00,printedFaceShields,1000.0,235
236,don236,2020-04-19 04:00:00+00:00,respirators,10.0,236
237,don237,2020-04-19 04:00:00+00:00,handmadeMasks,10.0,237
238,don238,2020-04-19 04:00:00+00:00,handmadeMasks,2000.0,238
239,don239,2020-04-19 04:00:00+00:00,handmadeMasks,20.0,239
240,don240,2020-04-19 04:00:00+00:00,printedFaceShields,15.0,240
241,don241,2020-04-19 04:00:00+00:00,safetyGlasses,1.0,241
242,don242,2020-04-19 04:00:00+00:00,printedFaceShields,20.0,242
243,don243,2020-04-19 04:00:00+00:00,nitrileGloves,10000.0,243
244,don244,2020-04-19 04:00:00+00:00,handmadeMasks,4.0,244
245,don245,2020-04-19 04:00:00+00:00,handmadeMasks,50.0,245
246,don246,2020-04-19 04:00:00+00:00,handmadeMasks,24.0,246
247,don247,2020-04-19 04:00:00+00:00,handmadeMasks,100.0,247
248,don248,2020-04-19 04:00:00+00:00,handmadeMasks,15.0,248
249,don249,2020-04-19 04:00:00+00:00,respirators,20.0,249
250,don250,2020-04-19 04:00:00+00:00,nitrileGloves,1.0,250
251,don251,2020-04-19 04:00:00+00:00,safetyGlasses,4.0,251
252,don252,2020-04-19 04:00:00+00:00,respirators,100.0,252
253,don253,2020-04-19 04:00:00+00:00,respirators,10.0,253
254,don254,2020-04-19 04:00:00+00:00,disinfectingWipes,3.0,254
255,don255,2020-04-19 04:00:00+00:00,nitrileGloves,2.0,255
256,don256,2020-04-19 04:00:00+00:00,handmadeMasks,40.0,256
257,don257,2020-04-19 13:28:00+00:00,printedFaceShields,30.0,257
258,don258,2020-04-19 17:09:00+00:00,printedFaceShields,1000.0,258
259,don259,2020-04-19 17:50:00+00:00,printedFaceShields,1.0,259
260,don260,2020-04-19 19:39:00+00:00,printedFaceShields,50.0,260
261,don261,2020-04-20 09:23:00+00:00,printedFaceShields,17.0,261
262,don262,2020-04-20 10:49:00+00:00,printedFaceShields,40.0,262
263,don263,2020-04-20 17:17:42.923000+00:00,handmadeMasks,2.0,263
264,don264,2020-04-20 17:21:39.103000+00:00,printedFaceShields,600.0,264
265,don265,2020-04-20 17:30:23.989000+00:00,printedFaceShields,5.0,265
266,don267,2020-04-20 17:46:23.746000+00:00,printedFaceShields,50.0,266
267,don267,2020-04-20 17:46:23.746000+00:00,handmadeMasks,50.0,267
268,don268,2020-04-20 17:51:58.101000+00:00,respirators,10.0,268
269,don269,2020-04-20 18:20:43.641000+00:00,faceShields,2000.0,269
270,don270,2020-04-20 19:01:22.755000+00:00,surgicalMasks,2000.0,270
271,don271,2020-04-20 19:37:30.329000+00:00,faceShields,30.0,271
272,don272,2020-04-20 19:59:08.633000+00:00,printedFaceShields,70.0,272
273,don273,2020-04-20 20:08:26.747000+00:00,faceShields,2500.0,273
274,don274,2020-04-20 20:39:07.363000+00:00,printedFaceShields,50.0,274
275,don275,2020-04-20 20:40:29.164000+00:00,disposableBooties,16300.0,275
276,don276,2020-04-21 02:02:11.456000+00:00,coveralls,1.0,276
277,don279,2020-04-21 02:53:42.850000+00:00,respirators,2000.0,277
278,don279,2020-04-21 02:53:42.850000+00:00,safetyGoggles,150.0,278
279,don279,2020-04-21 02:53:42.850000+00:00,coveralls,50.0,279
280,don280,2020-04-21 03:25:37.143000+00:00,printedFaceShields,25.0,280
281,don281,2020-04-21 05:49:48.828000+00:00,handmadeMasks,200.0,281
282,don282,2020-04-21 07:34:29.930000+00:00,faceShields,300.0,282
283,don283,2020-04-21 08:57:52.220000+00:00,surgicalMasks,3000.0,283
284,don284,2020-04-21 14:39:33.163000+00:00,printedFaceShields,20.0,284
285,don285,2020-04-21 15:40:04.531000+00:00,faceShields,1000000.0,285
286,don286,2020-04-21 15:55:13.864000+00:00,handmadeMasks,2.0,286
287,don287,2020-04-21 15:55:14.697000+00:00,handmadeMasks,2.0,287
288,don288,2020-04-21 15:55:14.785000+00:00,handmadeMasks,2.0,288
289,don289,2020-04-21 16:38:16.509000+00:00,printedFaceShields,100.0,289
290,don290,2020-04-21 16:45:45.569000+00:00,printedFaceShields,30.0,290
291,don292,2020-04-21 17:15:38.119000+00:00,surgicalMasks,300.0,291
292,don292,2020-04-21 17:15:38.119000+00:00,nitrileGloves,5000.0,292
293,don293,2020-04-21 17:40:25.104000+00:00,respirators,720.0,293
294,don294,2020-04-21 18:11:40.756000+00:00,surgicalMasks,200.0,294
295,don295,2020-04-21 18:27:30.438000+00:00,faceShields,6.0,295
296,don296,2020-04-21 19:30:51.513000+00:00,surgicalMasks,1000.0,296
297,don297,2020-04-21 19:40:35.708000+00:00,respirators,4.0,297
298,don298,2020-04-21 19:52:59.879000+00:00,surgicalMasks,2000.0,298
299,don299,2020-04-21 20:19:46.455000+00:00,printedFaceShields,40.0,299
300,don300,2020-04-21 21:40:24.230000+00:00,surgicalMasks,75.0,300
301,don301,2020-04-21 22:32:54.397000+00:00,handmadeMasks,30.0,301
302,don302,2020-04-22 01:05:54.853000+00:00,printedFaceShields,80.0,302
303,don303,2020-04-22 02:58:09.846000+00:00,handmadeMasks,10.0,303
304,don304,2020-04-22 04:41:45.191000+00:00,handmadeMasks,100.0,304
305,don305,2020-04-22 05:19:12.251000+00:00,respirators,16.0,305
306,don306,2020-04-22 06:42:18.275000+00:00,handmadeMasks,100.0,306
307,don307,2020-04-22 14:16:56.153000+00:00,printedFaceShields,70.0,307
308,don308,2020-04-22 15:39:01.825000+00:00,printedFaceShields,100.0,308
309,don309,2020-04-22 16:29:48.318000+00:00,printedFaceShields,52.0,309
310,don310,2020-04-22 17:04:01.823000+00:00,handmadeMasks,50.0,310
311,don316,2020-04-22 18:38:58.394000+00:00,handSanitizer,1000000.0,311
312,don316,2020-04-22 18:38:58.394000+00:00,disinfectingWipes,100000.0,312
313,don316,2020-04-22 18:38:58.394000+00:00,nitrileGloves,350000.0,313
314,don316,2020-04-22 18:38:58.394000+00:00,handmadeMasks,2000000.0,314
315,don316,2020-04-22 18:38:58.394000+00:00,babyMonitors,300000.0,315
316,don316,2020-04-22 18:38:58.394000+00:00,surgicalMasks,1000000.0,316
317,don317,2020-04-22 18:41:00.563000+00:00,handmadeMasks,148.0,317
318,don318,2020-04-22 19:53:54.254000+00:00,printedFaceShields,100.0,318
319,don319,2020-04-22 22:15:21.100000+00:00,printedFaceShields,50.0,319
320,don321,2020-04-22 23:20:57.206000+00:00,respirators,300.0,320
321,don321,2020-04-22 23:20:57.206000+00:00,surgicalMasks,300.0,321
322,don323,2020-04-22 23:23:20.954000+00:00,surgicalMasks,300.0,322
323,don323,2020-04-22 23:23:20.954000+00:00,handmadeMasks,200.0,323
324,don324,2020-04-22 23:58:03.765000+00:00,printedFaceShields,100.0,324
325,don325,2020-04-23 00:15:37.034000+00:00,handmadeMasks,100.0,325
326,don326,2020-04-23 00:21:49.510000+00:00,handmadeMasks,100.0,326
327,don327,2020-04-23 00:41:58.771000+00:00,faceShields,70.0,327
328,don328,2020-04-23 01:25:14.490000+00:00,faceShields,5000.0,328
329,don329,2020-04-23 02:00:22.498000+00:00,surgicalMasks,200.0,329
330,don331,2020-04-23 02:53:22.212000+00:00,handmadeMasks,200.0,330
331,don331,2020-04-23 02:53:22.212000+00:00,surgicalMasks,300.0,331
332,don332,2020-04-23 03:16:01.030000+00:00,faceShields,5000.0,332
333,don333,2020-04-23 03:34:00.055000+00:00,respirators,20.0,333
334,don334,2020-04-23 06:18:42.824000+00:00,surgicalMasks,50.0,334
335,don335,2020-04-23 12:26:48.101000+00:00,handmadeMasks,200.0,335
336,don336,2020-04-23 13:41:18.878000+00:00,handmadeMasks,20.0,336
337,don337,2020-04-23 14:21:46.356000+00:00,handmadeMasks,100.0,337
338,don339,2020-04-23 16:07:11.409000+00:00,handmadeMasks,58.0,338
339,don339,2020-04-23 16:07:11.409000+00:00,disinfectingWipes,800.0,339
340,don340,2020-04-23 17:02:52.536000+00:00,handmadeMasks,20.0,340
341,don341,2020-04-23 17:13:59.033000+00:00,handmadeMasks,20.0,341
342,don342,2020-04-23 17:32:14.504000+00:00,printedFaceShields,20.0,342
343,don343,2020-04-23 17:47:14.051000+00:00,handmadeMasks,50.0,343
344,don344,2020-04-23 18:58:40.446000+00:00,printedFaceShields,10.0,344
345,don345,2020-04-23 19:14:24.229000+00:00,printedFaceShields,20.0,345
346,don346,2020-04-23 19:15:25.128000+00:00,coveralls,20.0,346
347,don347,2020-04-23 22:56:37.256000+00:00,surgicalMasks,165.0,347
348,don348,2020-04-23 23:17:08.302000+00:00,surgicalMasks,1000.0,348
349,don350,2020-04-23 23:22:41.175000+00:00,disinfectingWipes,64.0,349
350,don350,2020-04-23 23:22:41.175000+00:00,surgicalMasks,100.0,350
351,don351,2020-04-23 23:31:48.683000+00:00,faceShields,20.0,351
352,don352,2020-04-23 23:46:48.654000+00:00,respirators,120.0,352
353,don353,2020-04-24 00:15:32.937000+00:00,printedFaceShields,50.0,353
354,don354,2020-04-24 00:44:51.336000+00:00,surgicalMasks,2000.0,354
355,don355,2020-04-24 01:51:33.747000+00:00,faceShields,1000.0,355
356,don358,2020-04-24 02:31:16.220000+00:00,respirators,100.0,356
357,don358,2020-04-24 02:31:16.220000+00:00,disinfectingWipes,150.0,357
358,don358,2020-04-24 02:31:16.220000+00:00,surgicalMasks,90.0,358
359,don359,2020-04-24 02:32:25.465000+00:00,gowns,1.0,359
360,don360,2020-04-24 02:55:03.199000+00:00,handmadeMasks,25.0,360
361,don361,2020-04-24 07:03:40.848000+00:00,handmadeMasks,100.0,361
362,don362,2020-04-24 13:51:43.406000+00:00,surgicalMasks,1850.0,362
363,don363,2020-04-24 14:02:38.241000+00:00,handmadeMasks,50.0,363
364,don365,2020-04-24 14:22:25.412000+00:00,surgicalMasks,100.0,364
365,don365,2020-04-24 14:22:25.412000+00:00,respirators,10.0,365
366,don366,2020-04-24 15:21:25.329000+00:00,respirators,5000.0,366
367,don367,2020-04-24 17:40:05.162000+00:00,surgicalMasks,2000.0,367
368,don368,2020-04-24 17:55:41.481000+00:00,faceShields,100.0,368
369,don369,2020-04-24 19:02:40.375000+00:00,printedFaceShields,40.0,369
370,don372,2020-04-24 19:30:24.974000+00:00,handmadeMasks,12.0,370
371,don372,2020-04-24 19:30:24.974000+00:00,disinfectingWipes,160.0,371
372,don372,2020-04-24 19:30:24.974000+00:00,nitrileGloves,100.0,372
373,don373,2020-04-24 19:36:34.692000+00:00,surgicalMasks,100.0,373
374,don374,2020-04-24 19:36:52.013000+00:00,respirators,60.0,374
375,don375,2020-04-24 19:52:46.854000+00:00,printedFaceShields,100.0,375
376,don376,2020-04-24 20:14:34.302000+00:00,nitrileGloves,1.0,376
377,don377,2020-04-24 20:18:44.230000+00:00,surgicalMasks,10.0,377
378,don378,2020-04-24 20:18:44.485000+00:00,surgicalMasks,10.0,378
379,don379,2020-04-24 21:04:05.796000+00:00,printedFaceShields,50.0,379
380,don380,2020-04-24 21:17:20.428000+00:00,surgicalMasks,1000.0,380
381,don381,2020-04-24 21:24:37.313000+00:00,surgicalMasks,1000.0,381
382,don382,2020-04-24 21:30:04.213000+00:00,surgicalMasks,2500.0,382
383,don383,2020-04-24 22:47:38.430000+00:00,surgicalMasks,70.0,383
384,don385,2020-04-24 23:02:21.185000+00:00,surgicalMasks,2000.0,384
385,don385,2020-04-24 23:02:21.185000+00:00,respirators,50.0,385
386,don386,2020-04-25 00:06:15.071000+00:00,handmadeMasks,100.0,386
387,don387,2020-04-25 01:06:45.630000+00:00,faceShields,10000.0,387
388,don388,2020-04-25 04:57:21.590000+00:00,printedFaceShields,600.0,388
389,don389,2020-04-25 13:55:43.942000+00:00,printedFaceShields,10.0,389
390,don390,2020-04-25 14:42:13.646000+00:00,surgicalMasks,95.0,390
391,don391,2020-04-25 14:50:15.252000+00:00,surgicalMasks,500.0,391
392,don392,2020-04-25 15:46:47.831000+00:00,surgicalMasks,500.0,392
393,don393,2020-04-25 16:50:05.463000+00:00,handmadeMasks,200.0,393
394,don394,2020-04-25 17:47:04.679000+00:00,surgicalMasks,50.0,394
395,don395,2020-04-25 18:28:14.295000+00:00,surgicalMasks,200.0,395
396,don396,2020-04-25 18:48:35.268000+00:00,handmadeMasks,10.0,396
397,don397,2020-04-25 19:15:17.656000+00:00,respirators,250.0,397
398,don398,2020-04-25 19:44:44.538000+00:00,handSanitizer,6.0,398
399,don399,2020-04-25 20:21:11.157000+00:00,handmadeMasks,500.0,399
400,don400,2020-04-25 20:53:15.772000+00:00,respirators,50.0,400
401,don401,2020-04-25 21:39:31.924000+00:00,handmadeMasks,50.0,401
402,don402,2020-04-25 21:49:50.976000+00:00,faceShields,50.0,402
403,don403,2020-04-25 23:04:11.391000+00:00,respirators,480.0,403
404,don404,2020-04-26 01:15:01.543000+00:00,handmadeMasks,25.0,404
405,don405,2020-04-26 01:27:53.431000+00:00,nitrileGloves,600.0,405
406,don407,2020-04-26 02:04:11.315000+00:00,handSanitizer,2.0,406
407,don407,2020-04-26 02:04:11.315000+00:00,disinfectingWipes,100.0,407
408,don409,2020-04-26 03:41:45.980000+00:00,surgicalMasks,75.0,408
409,don409,2020-04-26 03:41:45.980000+00:00,respirators,15.0,409
410,don410,2020-04-26 04:04:33.215000+00:00,safetyGoggles,2.0,410
411,don411,2020-04-26 04:55:06.992000+00:00,surgicalMasks,300.0,411
412,don412,2020-04-26 14:11:07.541000+00:00,respirators,10.0,412
413,don414,2020-04-26 15:27:20.151000+00:00,surgicalMasks,88.0,413
414,don414,2020-04-26 15:27:20.151000+00:00,respirators,10.0,414
415,don417,2020-04-26 15:48:32.601000+00:00,surgicalMasks,150.0,415
416,don417,2020-04-26 15:48:32.601000+00:00,faceShields,180.0,416
417,don417,2020-04-26 15:48:32.601000+00:00,respirators,400.0,417
418,don418,2020-04-26 18:23:01.012000+00:00,printedFaceShields,50.0,418
419,don419,2020-04-26 19:16:13.944000+00:00,printedFaceShields,80.0,419
420,don421,2020-04-26 19:40:50.841000+00:00,surgicalMasks,100.0,420
421,don421,2020-04-26 19:40:50.841000+00:00,respirators,150.0,421
422,don423,2020-04-26 20:24:35.376000+00:00,respirators,10.0,422
423,don423,2020-04-26 20:24:35.376000+00:00,surgicalMasks,60.0,423
424,don424,2020-04-26 21:30:31.174000+00:00,printedFaceShields,50.0,424
425,don425,2020-04-27 00:27:09.674000+00:00,printedFaceShields,40.0,425
426,don426,2020-04-27 00:28:01.881000+00:00,handmadeMasks,20.0,426
427,don427,2020-04-27 00:56:46.149000+00:00,faceShields,1000.0,427
428,don428,2020-04-27 01:15:21.195000+00:00,respirators,250000.0,428
429,don429,2020-04-27 01:20:17.764000+00:00,surgicalMasks,50.0,429
430,don430,2020-04-27 02:51:18.792000+00:00,handmadeMasks,5.0,430
431,don431,2020-04-27 04:19:57.161000+00:00,printedFaceShields,100.0,431
432,don432,2020-04-27 07:07:19.243000+00:00,printedFaceShields,500.0,432
433,don433,2020-04-27 13:54:02.759000+00:00,respirators,300.0,433
434,don434,2020-04-27 14:21:14.458000+00:00,faceShields,100.0,434
435,don435,2020-04-27 15:09:01.589000+00:00,respirators,8.0,435
436,don436,2020-04-27 15:21:55.925000+00:00,handSanitizer,2.0,436
437,don437,2020-04-27 15:59:23.652000+00:00,faceShields,100.0,437
438,don439,2020-04-27 16:16:53.381000+00:00,handSanitizer,2.0,438
439,don439,2020-04-27 16:16:53.381000+00:00,respirators,30.0,439
440,don440,2020-04-27 16:20:52.803000+00:00,surgicalMasks,90.0,440
441,don441,2020-04-27 16:43:00.861000+00:00,respirators,12.0,441
442,don442,2020-04-27 17:14:44.612000+00:00,respirators,1000.0,442
443,don443,2020-04-27 18:10:26.583000+00:00,respirators,60.0,443
444,don444,2020-04-27 18:12:24.514000+00:00,surgicalMasks,50.0,444
445,don445,2020-04-27 18:19:59.207000+00:00,handSanitizer,50.0,445
446,don446,2020-04-27 18:55:26.338000+00:00,surgicalMasks,70.0,446
447,don447,2020-04-27 19:01:13.298000+00:00,respirators,120.0,447
448,don449,2020-04-27 19:03:28.810000+00:00,respirators,50.0,448
449,don449,2020-04-27 19:03:28.810000+00:00,surgicalMasks,2000.0,449
450,don451,2020-04-27 19:03:28.899000+00:00,respirators,50.0,450
451,don451,2020-04-27 19:03:28.899000+00:00,surgicalMasks,2000.0,451
452,don452,2020-04-27 19:04:07.208000+00:00,surgicalMasks,70000.0,452
453,don453,2020-04-27 19:09:57.120000+00:00,handmadeMasks,400.0,453
454,don455,2020-04-27 19:21:48.780000+00:00,respirators,260.0,454
455,don455,2020-04-27 19:21:48.780000+00:00,surgicalMasks,400.0,455
456,don456,2020-04-27 19:29:31.558000+00:00,faceShields,1.0,456
457,don457,2020-04-27 19:49:31.349000+00:00,handmadeMasks,44.0,457
458,don458,2020-04-27 19:54:56.984000+00:00,handmadeMasks,200.0,458
459,don459,2020-04-27 20:12:21.758000+00:00,printedFaceShields,100.0,459
460,don460,2020-04-27 20:28:38.080000+00:00,printedFaceShields,100.0,460
461,don461,2020-04-27 20:33:57.914000+00:00,handmadeMasks,50.0,461
462,don462,2020-04-27 20:54:25.209000+00:00,surgicalMasks,100.0,462
463,don463,2020-04-27 21:02:46.139000+00:00,surgicalMasks,40.0,463
464,don464,2020-04-27 22:09:13.043000+00:00,surgicalMasks,50.0,464
465,don465,2020-04-27 22:23:49.778000+00:00,faceShields,10.0,465
466,don466,2020-04-27 23:10:52.811000+00:00,faceShields,40.0,466
467,don467,2020-04-28 00:50:50.946000+00:00,surgicalMasks,950.0,467
468,don468,2020-04-28 02:24:49.883000+00:00,respirators,100.0,468
469,don469,2020-04-28 02:27:12.549000+00:00,handmadeMasks,2000.0,469
470,don471,2020-04-28 02:47:24.727000+00:00,disinfectingWipes,1.0,470
471,don471,2020-04-28 02:47:24.727000+00:00,gowns,1.0,471
472,don472,2020-04-28 03:30:24.304000+00:00,handmadeMasks,200.0,472
473,don474,2020-04-28 04:09:44.416000+00:00,surgicalCaps,5.0,473
474,don474,2020-04-28 04:09:44.416000+00:00,faceShields,2.0,474
475,don475,2020-04-28 05:07:06.674000+00:00,printedFaceShields,100.0,475
476,don476,2020-04-28 08:09:43.266000+00:00,handmadeMasks,50.0,476
477,don477,2020-04-28 10:14:36.982000+00:00,handmadeMasks,35.0,477
478,don478,2020-04-28 14:00:29.647000+00:00,safetyGoggles,2.0,478
479,don479,2020-04-28 14:01:32.941000+00:00,safetyGlasses,2.0,479
480,don480,2020-04-28 14:06:33.223000+00:00,safetyGlasses,1.0,480
481,don481,2020-04-28 14:30:37.854000+00:00,surgicalMasks,28.0,481
482,don482,2020-04-28 15:25:02.315000+00:00,printedFaceShields,100.0,482
483,don483,2020-04-28 15:26:29.656000+00:00,printedFaceShields,500.0,483
484,don484,2020-04-28 16:00:20.197000+00:00,faceShields,100.0,484
485,don485,2020-04-28 16:25:58.424000+00:00,respirators,50000.0,485
486,don486,2020-04-28 16:57:27.173000+00:00,respirators,150.0,486
487,don487,2020-04-28 17:14:21.431000+00:00,respirators,750.0,487
488,don488,2020-04-28 17:35:07.210000+00:00,safetyGoggles,500.0,488
489,don494,2020-04-28 17:38:48.013000+00:00,surgicalCaps,2000.0,489
490,don494,2020-04-28 17:38:48.013000+00:00,safetyGlasses,30.0,490
491,don494,2020-04-28 17:38:48.013000+00:00,disposableBooties,1000.0,491
492,don494,2020-04-28 17:38:48.013000+00:00,gowns,600.0,492
493,don494,2020-04-28 17:38:48.013000+00:00,nitrileGloves,1200.0,493
494,don494,2020-04-28 17:38:48.013000+00:00,coveralls,200.0,494
495,don495,2020-04-28 17:45:57.277000+00:00,gowns,200000.0,495
496,don496,2020-04-28 18:03:22.100000+00:00,handmadeMasks,50.0,496
497,don497,2020-04-28 19:14:50.502000+00:00,respirators,1.0,497
498,don498,2020-04-28 19:44:37.864000+00:00,respirators,2.0,498
499,don499,2020-04-28 20:59:18.262000+00:00,surgicalMasks,2.0,499
500,don500,2020-04-28 21:01:27.485000+00:00,printedFaceShields,15.0,500
501,don501,2020-04-28 21:05:23.391000+00:00,safetyGoggles,1.0,501
502,don502,2020-04-28 21:09:24.017000+00:00,surgicalMasks,50.0,502
503,don503,2020-04-28 21:29:49.514000+00:00,safetyGlasses,1.0,503
504,don505,2020-04-28 21:50:36.073000+00:00,handmadeMasks,100.0,504
505,don505,2020-04-28 21:50:36.073000+00:00,printedFaceShields,100.0,505
506,don506,2020-04-28 21:53:57.544000+00:00,surgicalMasks,1000.0,506
507,don507,2020-04-28 22:02:40.316000+00:00,printedFaceShields,350.0,507
508,don508,2020-04-28 22:20:53.906000+00:00,printedFaceShields,100.0,508
509,don509,2020-04-28 23:57:34.292000+00:00,nitrileGloves,200.0,509
510,don510,2020-04-29 00:22:09.737000+00:00,nitrileGloves,200.0,510
511,don511,2020-04-29 02:32:00.218000+00:00,handmadeMasks,20.0,511
512,don512,2020-04-29 03:40:39.602000+00:00,surgicalMasks,150.0,512
513,don513,2020-04-29 04:27:51.089000+00:00,handmadeMasks,55.0,513
514,don514,2020-04-29 13:20:37.100000+00:00,handmadeMasks,100.0,514
515,don515,2020-04-29 16:30:44.398000+00:00,handmadeMasks,100.0,515
516,don516,2020-04-29 16:37:52.511000+00:00,respirators,200.0,516
517,don517,2020-04-29 17:04:31.050000+00:00,respirators,40.0,517
518,don518,2020-04-29 17:04:31.145000+00:00,respirators,40.0,518
519,don519,2020-04-29 17:11:55.147000+00:00,faceShields,625.0,519
520,don520,2020-04-29 17:15:52.469000+00:00,printedFaceShields,100.0,520
521,don521,2020-04-29 17:50:10.441000+00:00,printedFaceShields,50.0,521
522,don522,2020-04-29 19:07:05.010000+00:00,nitrileGloves,16.0,522
523,don523,2020-04-29 19:36:08.551000+00:00,printedFaceShields,100.0,523
524,don524,2020-04-29 20:17:41.194000+00:00,faceShields,50.0,524
525,don525,2020-04-29 20:25:57.903000+00:00,surgicalMasks,10000.0,525
526,don526,2020-04-29 20:52:33.090000+00:00,handmadeMasks,30.0,526
527,don527,2020-04-29 21:55:48.517000+00:00,surgicalMasks,200.0,527
528,don528,2020-04-29 22:26:26.494000+00:00,handmadeMasks,30.0,528
529,don529,2020-04-29 23:06:15.874000+00:00,printedFaceShields,35.0,529
530,don530,2020-04-29 23:10:11.073000+00:00,printedFaceShields,35.0,530
531,don533,2020-04-30 01:11:18.834000+00:00,safetyGoggles,3.0,531
532,don533,2020-04-30 01:11:18.834000+00:00,thermometers,1.0,532
533,don533,2020-04-30 01:11:18.834000+00:00,surgicalMasks,50.0,533
534,don534,2020-04-30 02:14:13.382000+00:00,disinfectingWipes,3.0,534
535,don535,2020-04-30 02:54:04.468000+00:00,surgicalMasks,100.0,535
536,don537,2020-04-30 11:37:22.947000+00:00,gowns,30.0,536
537,don537,2020-04-30 11:37:22.947000+00:00,safetyGlasses,30.0,537
538,don538,2020-04-30 13:34:11.509000+00:00,printedFaceShields,35.0,538
539,don539,2020-04-30 14:41:27.828000+00:00,faceShields,200.0,539
540,don540,2020-04-30 14:41:27.838000+00:00,faceShields,200.0,540
541,don541,2020-04-30 16:28:23.948000+00:00,disposableBooties,500.0,541
542,don542,2020-04-30 18:16:20.846000+00:00,handmadeMasks,100.0,542
543,don543,2020-04-30 18:53:20.164000+00:00,faceShields,50.0,543
544,don544,2020-04-30 19:22:19.989000+00:00,nitrileGloves,100.0,544
545,don545,2020-04-30 19:34:52.716000+00:00,respirators,1500.0,545
546,don546,2020-04-30 20:09:23.576000+00:00,handmadeMasks,3000.0,546
547,don548,2020-04-30 21:18:32.397000+00:00,respirators,100000.0,547
548,don548,2020-04-30 21:18:32.397000+00:00,faceShields,2000.0,548
549,don549,2020-04-30 21:44:30.437000+00:00,handmadeMasks,20000.0,549
550,don551,2020-04-30 22:17:30.292000+00:00,printedFaceShields,20.0,550
551,don551,2020-04-30 22:17:30.292000+00:00,handmadeMasks,39.0,551
552,don552,2020-05-01 00:31:42.598000+00:00,faceShields,2000.0,552
553,don553,2020-05-01 00:43:47.309000+00:00,surgicalMasks,50.0,553
554,don554,2020-05-01 01:17:18.917000+00:00,handmadeMasks,25.0,554
555,don569,2020-05-01 08:19:55.992000+00:00,thermometers,10000000.0,555
556,don569,2020-05-01 08:19:55.992000+00:00,handSanitizer,10000000.0,556
557,don569,2020-05-01 08:19:55.992000+00:00,coveralls,10000000.0,557
558,don569,2020-05-01 08:19:55.992000+00:00,disinfectingWipes,10000000.0,558
559,don569,2020-05-01 08:19:55.992000+00:00,surgicalCaps,10000000.0,559
560,don569,2020-05-01 08:19:55.992000+00:00,gowns,10000000.0,560
561,don569,2020-05-01 08:19:55.992000+00:00,babyMonitors,10000000.0,561
562,don569,2020-05-01 08:19:55.992000+00:00,faceShields,10000000.0,562
563,don569,2020-05-01 08:19:55.992000+00:00,printedFaceShields,10000000.0,563
564,don569,2020-05-01 08:19:55.992000+00:00,respirators,1000000.0,564
565,don569,2020-05-01 08:19:55.992000+00:00,safetyGoggles,10000000.0,565
566,don569,2020-05-01 08:19:55.992000+00:00,surgicalMasks,10000000.0,566
567,don569,2020-05-01 08:19:55.992000+00:00,nitrileGloves,10000000.0,567
568,don569,2020-05-01 08:19:55.992000+00:00,disposableBooties,10000000.0,568
569,don569,2020-05-01 08:19:55.992000+00:00,safetyGlasses,10000000.0,569
570,don570,2020-05-01 14:18:27.873000+00:00,babyMonitors,1.0,570
571,don571,2020-05-01 14:19:13.092000+00:00,babyMonitors,1.0,571
572,don572,2020-05-01 14:26:28.952000+00:00,handmadeMasks,70.0,572
573,don573,2020-05-01 14:53:46.887000+00:00,handmadeMasks,25.0,573
574,don574,2020-05-01 15:55:36.519000+00:00,surgicalMasks,100.0,574
575,don576,2020-05-01 16:23:32.022000+00:00,respirators,300.0,575
576,don576,2020-05-01 16:23:32.022000+00:00,surgicalMasks,300.0,576
577,don577,2020-05-01 16:52:48.593000+00:00,handmadeMasks,20.0,577
578,don578,2020-05-01 17:21:45.794000+00:00,surgicalMasks,50.0,578
579,don579,2020-05-01 20:02:55.818000+00:00,handmadeMasks,25.0,579
580,don582,2020-05-01 20:23:17.015000+00:00,surgicalMasks,50.0,580
581,don582,2020-05-01 20:23:17.015000+00:00,handSanitizer,1.0,581
582,don582,2020-05-01 20:23:17.015000+00:00,nitrileGloves,200.0,582
583,don583,2020-05-01 21:51:30.471000+00:00,printedFaceShields,10000.0,583
584,don584,2020-05-01 22:02:54.238000+00:00,surgicalMasks,9.0,584
585,don585,2020-05-01 22:26:50.093000+00:00,printedFaceShields,75.0,585
586,don586,2020-05-01 23:38:52.774000+00:00,respirators,800.0,586
587,don588,2020-05-02 00:33:16.543000+00:00,safetyGlasses,2685.0,587
588,don588,2020-05-02 00:33:16.543000+00:00,safetyGoggles,4270.0,588
589,don589,2020-05-02 05:28:45.811000+00:00,handmadeMasks,25.0,589
590,don590,2020-05-02 08:08:44.461000+00:00,handmadeMasks,300.0,590
591,don591,2020-05-02 15:06:18.130000+00:00,surgicalMasks,112.0,591
592,don594,2020-05-02 15:27:18.128000+00:00,respirators,30.0,592
593,don594,2020-05-02 15:27:18.128000+00:00,nitrileGloves,100.0,593
594,don594,2020-05-02 15:27:18.128000+00:00,surgicalMasks,130.0,594
595,don595,2020-05-02 15:37:40.333000+00:00,surgicalMasks,40.0,595
596,don599,2020-05-02 17:11:06.374000+00:00,surgicalMasks,1000000.0,596
597,don599,2020-05-02 17:11:06.374000+00:00,faceShields,1000000.0,597
598,don599,2020-05-02 17:11:06.374000+00:00,gowns,500000.0,598
599,don599,2020-05-02 17:11:06.374000+00:00,coveralls,500000.0,599
600,don601,2020-05-02 17:11:17.407000+00:00,surgicalMasks,9.0,600
601,don601,2020-05-02 17:11:17.407000+00:00,respirators,9.0,601
602,don603,2020-05-02 18:13:13.901000+00:00,faceShields,1.0,602
603,don603,2020-05-02 18:13:13.901000+00:00,surgicalMasks,10.0,603
604,don604,2020-05-02 19:37:48.547000+00:00,handmadeMasks,30.0,604
605,don605,2020-05-02 22:45:51.152000+00:00,handmadeMasks,18.0,605
606,don608,2020-05-03 01:02:57.920000+00:00,handSanitizer,2.0,606
607,don608,2020-05-03 01:02:57.920000+00:00,disinfectingWipes,2.0,607
608,don608,2020-05-03 01:02:57.920000+00:00,disposableBooties,1.0,608
609,don611,2020-05-03 12:52:46.392000+00:00,faceShields,5009.0,609
610,don611,2020-05-03 12:52:46.392000+00:00,surgicalMasks,5000.0,610
611,don611,2020-05-03 12:52:46.392000+00:00,respirators,5000.0,611
612,don612,2020-05-03 16:04:39.788000+00:00,surgicalMasks,50.0,612
613,don613,2020-05-03 17:36:32.301000+00:00,coveralls,80.0,613
614,don614,2020-05-03 18:02:04.290000+00:00,surgicalMasks,1850.0,614
615,don615,2020-05-03 18:45:14.757000+00:00,handmadeMasks,100.0,615
616,don616,2020-05-03 19:16:24.014000+00:00,handmadeMasks,300.0,616
617,don617,2020-05-03 19:32:52.129000+00:00,respirators,50.0,617
618,don618,2020-05-03 19:50:31.810000+00:00,respirators,500.0,618
619,don619,2020-05-03 19:53:51.289000+00:00,respirators,200.0,619
620,don620,2020-05-03 22:13:56.920000+00:00,handmadeMasks,50.0,620
621,don621,2020-05-03 23:08:02.519000+00:00,printedFaceShields,14.0,621
622,don624,2020-05-03 23:51:54.652000+00:00,surgicalMasks,100.0,622
623,don624,2020-05-03 23:51:54.652000+00:00,respirators,150.0,623
624,don624,2020-05-03 23:51:54.652000+00:00,safetyGoggles,120.0,624
625,don625,2020-05-04 01:05:57.645000+00:00,handmadeMasks,3.0,625
626,don626,2020-05-04 02:50:49.027000+00:00,printedFaceShields,50.0,626
627,don627,2020-05-04 03:32:53.585000+00:00,faceShields,2.0,627
628,don630,2020-05-04 03:58:40.602000+00:00,surgicalMasks,50.0,628
629,don630,2020-05-04 03:58:40.602000+00:00,gowns,1.0,629
630,don630,2020-05-04 03:58:40.602000+00:00,safetyGlasses,1.0,630
631,don631,2020-05-04 17:06:36.578000+00:00,faceShields,3000.0,631
632,don632,2020-05-04 19:09:21.836000+00:00,respirators,200.0,632
633,don633,2020-05-04 19:36:18.148000+00:00,printedFaceShields,50.0,633
634,don634,2020-05-04 20:39:39.172000+00:00,nitrileGloves,50.0,634
635,don635,2020-05-04 20:43:13.305000+00:00,handmadeMasks,50.0,635
636,don636,2020-05-04 20:50:57.611000+00:00,nitrileGloves,1.0,636
637,don637,2020-05-04 21:32:15.388000+00:00,handmadeMasks,25.0,637
638,don638,2020-05-04 22:04:34.569000+00:00,handmadeMasks,50.0,638
639,don639,2020-05-04 22:26:38.725000+00:00,handmadeMasks,70.0,639
640,don640,2020-05-04 22:30:08.972000+00:00,respirators,250.0,640
641,don643,2020-05-04 22:30:26.021000+00:00,coveralls,20.0,641
642,don643,2020-05-04 22:30:26.021000+00:00,surgicalMasks,20000.0,642
643,don643,2020-05-04 22:30:26.021000+00:00,respirators,100000.0,643
644,don644,2020-05-04 22:47:54.962000+00:00,surgicalMasks,350.0,644
645,don645,2020-05-05 01:30:08.818000+00:00,faceShields,20000.0,645
646,don646,2020-05-05 12:53:15.151000+00:00,handmadeMasks,50.0,646
647,don647,2020-05-05 12:59:54.718000+00:00,surgicalMasks,950.0,647
648,don648,2020-05-05 18:18:48.258000+00:00,handmadeMasks,2000.0,648
649,don650,2020-05-05 18:45:36.799000+00:00,respirators,50.0,649
650,don650,2020-05-05 18:45:36.799000+00:00,surgicalMasks,100.0,650
651,don651,2020-05-05 19:42:08.783000+00:00,surgicalMasks,200.0,651
652,don652,2020-05-05 20:32:27.809000+00:00,handmadeMasks,10000.0,652
653,don653,2020-05-05 22:23:33.029000+00:00,handmadeMasks,2000.0,653
654,don654,2020-05-05 23:36:44.009000+00:00,printedFaceShields,50.0,654
655,don655,2020-05-05 23:43:28.735000+00:00,surgicalMasks,50.0,655
656,don656,2020-05-06 02:15:07.509000+00:00,faceShields,250.0,656
657,don657,2020-05-06 14:52:01.229000+00:00,printedFaceShields,10.0,657
658,don658,2020-05-06 14:56:15.554000+00:00,printedFaceShields,40.0,658
659,don659,2020-05-06 15:24:12.931000+00:00,nitrileGloves,300.0,659
660,don660,2020-05-06 18:42:27.511000+00:00,faceShields,2000.0,660
661,don662,2020-05-06 21:37:58.622000+00:00,surgicalMasks,40.0,661
662,don662,2020-05-06 21:37:58.622000+00:00,safetyGoggles,1.0,662
663,don663,2020-05-07 00:02:34.861000+00:00,surgicalMasks,500.0,663
664,don664,2020-05-07 04:02:19.366000+00:00,respirators,30000.0,664
665,don665,2020-05-07 04:05:28.172000+00:00,respirators,30000.0,665
666,don666,2020-05-07 06:08:37.932000+00:00,handmadeMasks,60.0,666
667,don669,2020-05-07 12:08:23.154000+00:00,faceShields,10000.0,667
668,don669,2020-05-07 12:08:23.154000+00:00,nitrileGloves,100000.0,668
669,don669,2020-05-07 12:08:23.154000+00:00,respirators,40000.0,669
670,don671,2020-05-07 15:29:26.960000+00:00,disposableBooties,500.0,670
671,don671,2020-05-07 15:29:26.960000+00:00,safetyGoggles,50.0,671
672,don672,2020-05-07 16:08:20.335000+00:00,handmadeMasks,200.0,672
673,don673,2020-05-07 17:01:11.587000+00:00,faceShields,3500.0,673
674,don676,2020-05-07 19:27:04.955000+00:00,nitrileGloves,3900.0,674
675,don676,2020-05-07 19:27:04.955000+00:00,printedFaceShields,90.0,675
676,don676,2020-05-07 19:27:04.955000+00:00,surgicalMasks,100.0,676
677,don677,2020-05-07 19:58:43.773000+00:00,surgicalMasks,100.0,677
678,don678,2020-05-07 20:56:23.836000+00:00,respirators,2500.0,678
679,don679,2020-05-07 21:30:23.449000+00:00,printedFaceShields,200000.0,679
680,don680,2020-05-08 00:25:50.047000+00:00,surgicalMasks,2000.0,680
681,don682,2020-05-08 20:32:22.522000+00:00,faceShields,560.0,681
682,don682,2020-05-08 20:32:22.522000+00:00,safetyGoggles,200.0,682
683,don683,2020-05-09 10:01:11.121000+00:00,handmadeMasks,30.0,683
684,don684,2020-05-09 13:55:08.585000+00:00,coveralls,96.0,684
685,don685,2020-05-09 14:32:16.016000+00:00,handmadeMasks,40.0,685
686,don686,2020-05-09 20:52:18.377000+00:00,faceShields,20.0,686
687,don687,2020-05-10 02:52:54.409000+00:00,handmadeMasks,250.0,687
688,don688,2020-05-10 18:14:24.468000+00:00,handmadeMasks,20.0,688
689,don689,2020-05-10 19:37:54.822000+00:00,surgicalMasks,1200.0,689
690,don690,2020-05-11 12:35:28.748000+00:00,handmadeMasks,30.0,690
691,don691,2020-05-11 13:28:00.227000+00:00,respirators,2000.0,691
692,don692,2020-05-11 14:42:57.360000+00:00,faceShields,500.0,692
693,don693,2020-05-11 15:44:22.614000+00:00,respirators,2000.0,693
694,don694,2020-05-11 18:17:26.741000+00:00,surgicalMasks,2000.0,694
695,don696,2020-05-11 18:43:58.853000+00:00,nitrileGloves,4.0,695
696,don696,2020-05-11 18:43:58.853000+00:00,disposableBooties,4.0,696
697,don697,2020-05-11 19:42:42.898000+00:00,printedFaceShields,100.0,697
698,don698,2020-05-11 20:59:59.688000+00:00,handmadeMasks,3000.0,698
699,don701,2020-05-11 21:59:54.110000+00:00,coveralls,100.0,699
700,don701,2020-05-11 21:59:54.110000+00:00,faceShields,1000.0,700
701,don701,2020-05-11 21:59:54.110000+00:00,surgicalMasks,3200.0,701
702,don702,2020-05-12 00:12:50.092000+00:00,respirators,600.0,702
703,don703,2020-05-12 03:08:51.471000+00:00,handmadeMasks,100.0,703
704,don704,2020-05-12 04:31:37.265000+00:00,surgicalMasks,50.0,704
705,don705,2020-05-12 12:02:14.633000+00:00,handmadeMasks,70.0,705
706,don706,2020-05-12 14:13:54.110000+00:00,printedFaceShields,10.0,706
707,don707,2020-05-12 14:38:30.276000+00:00,faceShields,1500.0,707
708,don708,2020-05-12 15:04:20.019000+00:00,handSanitizer,500.0,708
709,don711,2020-05-12 16:13:00.242000+00:00,safetyGoggles,6.0,709
710,don711,2020-05-12 16:13:00.242000+00:00,coveralls,6.0,710
711,don711,2020-05-12 16:13:00.242000+00:00,surgicalMasks,600.0,711
712,don712,2020-05-12 18:14:29.543000+00:00,printedFaceShields,200.0,712
713,don713,2020-05-12 18:55:10.400000+00:00,surgicalMasks,50.0,713
714,don714,2020-05-12 19:04:01.931000+00:00,handmadeMasks,19.0,714
715,don715,2020-05-12 19:23:08.690000+00:00,printedFaceShields,60.0,715
716,don716,2020-05-12 19:26:26.678000+00:00,printedFaceShields,500.0,716
717,don717,2020-05-12 19:40:51.479000+00:00,respirators,50.0,717
718,don718,2020-05-12 19:49:45.197000+00:00,faceShields,1386.0,718
719,don719,2020-05-12 20:34:11.305000+00:00,printedFaceShields,90.0,719
720,don721,2020-05-12 21:00:19.547000+00:00,respirators,100000.0,720
721,don721,2020-05-12 21:00:19.547000+00:00,surgicalMasks,100000.0,721
722,don722,2020-05-12 21:03:00.827000+00:00,printedFaceShields,50.0,722
723,don723,2020-05-12 21:13:57.019000+00:00,handmadeMasks,100.0,723
724,don724,2020-05-12 21:20:20.835000+00:00,respirators,5.0,724
725,don725,2020-05-12 21:21:31.843000+00:00,respirators,50.0,725
726,don727,2020-05-12 21:23:24.298000+00:00,respirators,1.0,726
727,don727,2020-05-12 21:23:24.298000+00:00,nitrileGloves,50.0,727
728,don728,2020-05-12 21:24:39.769000+00:00,respirators,5.0,728
729,don729,2020-05-12 21:26:16.069000+00:00,respirators,15.0,729
730,don730,2020-05-12 21:26:32.285000+00:00,coveralls,50.0,730
731,don731,2020-05-12 21:28:06.027000+00:00,respirators,2.0,731
732,don732,2020-05-12 21:29:13.826000+00:00,respirators,50.0,732
733,don733,2020-05-12 21:39:27.023000+00:00,handmadeMasks,30.0,733
734,don734,2020-05-13 01:57:50.598000+00:00,respirators,20000.0,734
735,don735,2020-05-13 02:05:36.732000+00:00,respirators,100.0,735
736,don736,2020-05-13 02:30:12.631000+00:00,handmadeMasks,25.0,736
737,don737,2020-05-13 02:32:27.795000+00:00,handmadeMasks,25.0,737
738,don738,2020-05-13 05:12:33.342000+00:00,faceShields,200.0,738
739,don739,2020-05-13 05:16:48.126000+00:00,faceShields,200.0,739
740,don740,2020-05-13 07:26:25.071000+00:00,handmadeMasks,50.0,740
741,don741,2020-05-13 10:42:08.176000+00:00,handmadeMasks,27.0,741
742,don742,2020-05-13 15:00:36.723000+00:00,faceShields,20.0,742
743,don743,2020-05-13 15:04:07.690000+00:00,surgicalMasks,400.0,743
744,don744,2020-05-13 16:16:50.891000+00:00,handmadeMasks,30.0,744
745,don745,2020-05-13 16:22:08.326000+00:00,handmadeMasks,1100.0,745
746,don746,2020-05-13 17:06:21.641000+00:00,handmadeMasks,37.0,746
747,don747,2020-05-13 17:19:25.400000+00:00,faceShields,160.0,747
748,don748,2020-05-13 17:28:48.142000+00:00,faceShields,45.0,748
749,don749,2020-05-13 18:43:54.075000+00:00,handmadeMasks,50.0,749
750,don750,2020-05-13 19:58:25.158000+00:00,handmadeMasks,32.0,750
751,don751,2020-05-13 20:28:27.408000+00:00,printedFaceShields,50.0,751
752,don752,2020-05-13 20:58:27.799000+00:00,surgicalMasks,980.0,752
753,don753,2020-05-13 21:28:58.135000+00:00,printedFaceShields,60.0,753
754,don755,2020-05-13 21:43:20.748000+00:00,disinfectingWipes,20.0,754
755,don755,2020-05-13 21:43:20.748000+00:00,handSanitizer,20.0,755
756,don756,2020-05-13 22:40:10.364000+00:00,printedFaceShields,20.0,756
757,don757,2020-05-13 22:44:51.143000+00:00,printedFaceShields,20.0,757
758,don758,2020-05-14 00:24:50.500000+00:00,printedFaceShields,35.0,758
759,don760,2020-05-14 02:08:10.367000+00:00,respirators,20.0,759
760,don760,2020-05-14 02:08:10.367000+00:00,surgicalMasks,140.0,760
761,don761,2020-05-14 02:18:04.538000+00:00,handmadeMasks,25.0,761
762,don763,2020-05-14 03:38:20.451000+00:00,surgicalMasks,70.0,762
763,don763,2020-05-14 03:38:20.451000+00:00,respirators,22.0,763
764,don764,2020-05-14 11:22:27.742000+00:00,respirators,20.0,764
765,don765,2020-05-14 13:09:23.930000+00:00,coveralls,50.0,765
766,don766,2020-05-14 14:31:11.566000+00:00,faceShields,600.0,766
767,don767,2020-05-14 15:18:06.546000+00:00,gowns,4400.0,767
768,don770,2020-05-14 16:03:01.224000+00:00,coveralls,15.0,768
769,don770,2020-05-14 16:03:01.224000+00:00,handSanitizer,1.0,769
770,don770,2020-05-14 16:03:01.224000+00:00,handmadeMasks,150.0,770
771,don771,2020-05-14 16:50:58.091000+00:00,faceShields,500.0,771
772,don773,2020-05-14 17:31:52.594000+00:00,surgicalCaps,20.0,772
773,don773,2020-05-14 17:31:52.594000+00:00,nitrileGloves,100.0,773
774,don775,2020-05-14 17:32:41.643000+00:00,respirators,20.0,774
775,don775,2020-05-14 17:32:41.643000+00:00,surgicalMasks,120.0,775
776,don776,2020-05-14 19:52:34.220000+00:00,printedFaceShields,500.0,776
777,don777,2020-05-14 19:56:28.271000+00:00,surgicalMasks,160.0,777
778,don778,2020-05-15 06:01:36.083000+00:00,handmadeMasks,20.0,778
779,don779,2020-05-15 06:41:40.588000+00:00,printedFaceShields,10000.0,779
780,don780,2020-05-15 08:29:26.919000+00:00,faceShields,100.0,780
781,don781,2020-05-15 16:58:00.374000+00:00,handmadeMasks,40.0,781
782,don782,2020-05-15 22:27:45.467000+00:00,handmadeMasks,30.0,782
783,don783,2020-05-16 00:29:49.288000+00:00,printedFaceShields,200.0,783
784,don784,2020-05-16 06:09:39.307000+00:00,respirators,126600.0,784
785,don785,2020-05-16 16:25:24.744000+00:00,respirators,50000.0,785
786,don786,2020-05-16 17:41:22.854000+00:00,surgicalMasks,3000.0,786
787,don787,2020-05-16 18:03:19.775000+00:00,handmadeMasks,50.0,787
788,don788,2020-05-16 19:15:35.627000+00:00,disposableBooties,500.0,788
789,don789,2020-05-16 22:42:31.846000+00:00,faceShields,100.0,789
790,don791,2020-05-17 15:11:38.682000+00:00,surgicalMasks,400.0,790
791,don791,2020-05-17 15:11:38.682000+00:00,handSanitizer,3.0,791
792,don792,2020-05-17 18:50:28.376000+00:00,handmadeMasks,27.0,792
793,don793,2020-05-17 20:26:33.208000+00:00,printedFaceShields,100.0,793
794,don794,2020-05-18 19:20:53.903000+00:00,respirators,2500.0,794
795,don796,2020-05-18 20:01:25.144000+00:00,surgicalMasks,200.0,795
796,don796,2020-05-18 20:01:25.144000+00:00,respirators,200.0,796
797,don799,2020-05-19 00:25:49.033000+00:00,coveralls,25.0,797
798,don799,2020-05-19 00:25:49.033000+00:00,disposableBooties,200.0,798
799,don799,2020-05-19 00:25:49.033000+00:00,gowns,300.0,799
800,don800,2020-05-20 00:03:27.776000+00:00,surgicalMasks,2500.0,800
801,don801,2020-05-20 03:21:45.550000+00:00,surgicalMasks,1500.0,801
802,don802,2020-05-20 14:34:34.963000+00:00,handmadeMasks,250.0,802
803,don803,2020-05-20 16:43:57.608000+00:00,gowns,24.0,803
804,don804,2020-05-20 21:20:47.310000+00:00,handmadeMasks,20.0,804
805,don805,2020-05-20 22:30:52.140000+00:00,surgicalMasks,980.0,805
806,don806,2020-05-21 01:44:59.891000+00:00,handmadeMasks,100.0,806
807,don807,2020-05-21 18:54:20.621000+00:00,faceShields,1000.0,807
808,don808,2020-05-21 21:04:53.401000+00:00,handmadeMasks,50.0,808
809,don810,2020-05-21 22:05:55.690000+00:00,respirators,1000.0,809
810,don810,2020-05-21 22:05:55.690000+00:00,surgicalMasks,1000.0,810
811,don813,2020-05-22 01:05:52.392000+00:00,surgicalMasks,500.0,811
812,don813,2020-05-22 01:05:52.392000+00:00,handmadeMasks,80.0,812
813,don813,2020-05-22 01:05:52.392000+00:00,nitrileGloves,10.0,813
814,don814,2020-05-22 07:38:09.981000+00:00,printedFaceShields,300.0,814
815,don815,2020-05-22 16:05:54.207000+00:00,nitrileGloves,2.0,815
816,don816,2020-05-22 19:21:06.727000+00:00,surgicalMasks,500.0,816
817,don817,2020-05-22 20:25:26.990000+00:00,faceShields,56.0,817
818,don818,2020-05-22 21:21:06.677000+00:00,nitrileGloves,100.0,818
819,don819,2020-05-23 06:05:23.163000+00:00,surgicalMasks,50000.0,819
820,don823,2020-05-23 11:47:36.411000+00:00,disinfectingWipes,20.0,820
821,don823,2020-05-23 11:47:36.411000+00:00,gowns,50.0,821
822,don823,2020-05-23 11:47:36.411000+00:00,respirators,300.0,822
823,don823,2020-05-23 11:47:36.411000+00:00,thermometers,5.0,823
824,don824,2020-05-23 21:49:24.695000+00:00,handSanitizer,59.0,824
825,don825,2020-05-24 17:59:33.978000+00:00,printedFaceShields,57.0,825
826,don826,2020-05-25 13:01:14.280000+00:00,printedFaceShields,52.0,826
827,don827,2020-05-25 15:21:59.088000+00:00,faceShields,3.0,827
828,don828,2020-05-25 15:59:16.183000+00:00,printedFaceShields,50.0,828
829,don829,2020-05-25 18:18:12.148000+00:00,surgicalMasks,3000.0,829
830,don834,2020-05-25 19:05:33.242000+00:00,nitrileGloves,1000.0,830
831,don834,2020-05-25 19:05:33.242000+00:00,coveralls,60.0,831
832,don834,2020-05-25 19:05:33.242000+00:00,respirators,150.0,832
833,don834,2020-05-25 19:05:33.242000+00:00,safetyGoggles,15.0,833
834,don834,2020-05-25 19:05:33.242000+00:00,surgicalMasks,100.0,834
835,don835,2020-05-25 21:40:14.611000+00:00,printedFaceShields,60.0,835
836,don836,2020-05-26 00:33:37.407000+00:00,safetyGlasses,2000.0,836
837,don838,2020-05-26 03:56:48.229000+00:00,respirators,420.0,837
838,don838,2020-05-26 03:56:48.229000+00:00,nitrileGloves,500.0,838
839,don841,2020-05-26 20:33:57.475000+00:00,gowns,50000.0,839
840,don841,2020-05-26 20:33:57.475000+00:00,respirators,40000.0,840
841,don841,2020-05-26 20:33:57.475000+00:00,surgicalMasks,18000.0,841
842,don842,2020-05-26 20:58:51.583000+00:00,handmadeMasks,1000.0,842
843,don843,2020-05-26 21:32:58.518000+00:00,faceShields,10000.0,843
844,don844,2020-05-26 23:12:40.661000+00:00,printedFaceShields,24.0,844
845,don845,2020-05-27 01:40:58+00:00,bodyBags,10.0,845
846,don846,2020-05-27 04:58:29.165000+00:00,printedFaceShields,50.0,846
847,don848,2020-05-27 16:13:59.886000+00:00,handmadeMasks,300.0,847
848,don848,2020-05-27 16:13:59.886000+00:00,faceShields,200.0,848
849,don849,2020-05-27 21:13:51.256000+00:00,printedFaceShields,498.0,849
850,don850,2020-05-28 16:20:18.093000+00:00,respirators,200.0,850
851,don851,2020-05-29 02:20:37.302000+00:00,surgicalMasks,250.0,851
852,don852,2020-05-29 17:18:12.847000+00:00,surgicalCaps,2500.0,852
853,don853,2020-05-30 19:19:51.578000+00:00,handmadeMasks,100.0,853
854,don854,2020-06-02 21:12:16.687000+00:00,faceShields,112.0,854
855,don855,2020-06-03 19:18:52.972000+00:00,printedFaceShields,1000.0,855
856,don856,2020-06-03 21:44:45.489000+00:00,printedFaceShields,150.0,856
857,don858,2020-06-03 23:18:45.541000+00:00,faceShields,1000.0,857
858,don858,2020-06-03 23:18:45.541000+00:00,printedFaceShields,2000.0,858
859,don859,2020-06-05 01:51:56.685000+00:00,respirators,25.0,859
860,don860,2020-06-05 17:54:08.733000+00:00,printedFaceShields,498.0,860
861,don861,2020-06-05 21:41:53.392000+00:00,handmadeMasks,500.0,861
862,don862,2020-06-05 21:43:39.942000+00:00,handmadeMasks,200.0,862
863,don863,2020-06-06 20:10:23.362000+00:00,surgicalMasks,2000.0,863
864,don864,2020-06-08 02:39:12.190000+00:00,handmadeMasks,100.0,864
865,don865,2020-06-08 16:45:40.764000+00:00,printedFaceShields,800.0,865
866,don866,2020-06-08 19:00:05.348000+00:00,respirators,1000.0,866
867,don867,2020-06-09 00:06:15.459000+00:00,respirators,10000.0,867
868,don868,2020-06-09 10:56:03.379000+00:00,respirators,900.0,868
869,don870,2020-06-09 15:19:12.582000+00:00,respirators,20.0,869
870,don870,2020-06-09 15:19:12.582000+00:00,printedFaceShields,263.0,870
871,don871,2020-06-09 18:41:15.613000+00:00,handSanitizer,600.0,871
872,don872,2020-06-09 20:38:22.041000+00:00,printedFaceShields,40.0,872
873,don873,2020-06-09 20:45:36.469000+00:00,handmadeMasks,500.0,873
874,don874,2020-06-09 22:50:47.546000+00:00,printedFaceShields,20.0,874
875,don875,2020-06-10 13:52:33.108000+00:00,faceShields,106.0,875
876,don876,2020-06-10 14:25:40.283000+00:00,handmadeMasks,500.0,876
877,don877,2020-06-10 19:40:23.107000+00:00,handmadeMasks,33.0,877
878,don878,2020-06-11 16:43:52.745000+00:00,disposableBooties,100.0,878
879,don879,2020-06-11 18:42:05.974000+00:00,disposableBooties,1000.0,879
880,don880,2020-06-11 18:44:59.389000+00:00,faceShields,20000.0,880
881,don881,2020-06-11 19:22:19.939000+00:00,faceShields,50000.0,881
882,don882,2020-06-12 00:14:54.468000+00:00,coveralls,1.0,882
883,don883,2020-06-12 15:43:25.760000+00:00,handmadeMasks,226.0,883
884,don884,2020-06-12 18:42:34.785000+00:00,respirators,40000000.0,884
885,don885,2020-06-12 19:37:32.454000+00:00,handmadeMasks,25.0,885
886,don888,2020-06-13 00:29:26.188000+00:00,printedFaceShields,5000.0,886
887,don888,2020-06-13 00:29:26.188000+00:00,respirators,1000.0,887
888,don888,2020-06-13 00:29:26.188000+00:00,faceShields,5000.0,888
889,don889,2020-06-14 20:09:53.170000+00:00,surgicalMasks,20000.0,889
890,don890,2020-06-15 07:23:05.223000+00:00,surgicalMasks,1000.0,890
891,don891,2020-06-15 12:26:47.622000+00:00,faceShields,200.0,891
892,don893,2020-06-15 15:42:34.930000+00:00,gowns,100.0,892
893,don893,2020-06-15 15:42:34.930000+00:00,faceShields,100.0,893
894,don894,2020-06-15 23:41:06.940000+00:00,surgicalMasks,2300.0,894
895,don895,2020-06-16 07:19:38.470000+00:00,surgicalMasks,50.0,895
896,don898,2020-06-16 15:04:42.951000+00:00,respirators,2500.0,896
897,don898,2020-06-16 15:04:42.951000+00:00,coveralls,1500.0,897
898,don898,2020-06-16 15:04:42.951000+00:00,surgicalMasks,20000.0,898
899,don899,2020-06-16 17:14:41.755000+00:00,printedFaceShields,36.0,899
900,don900,2020-06-16 20:00:52.173000+00:00,handmadeMasks,100.0,900
901,don901,2020-06-16 20:08:31.054000+00:00,surgicalMasks,60.0,901
902,don902,2020-06-17 17:15:51.479000+00:00,disinfectingWipes,10.0,902
903,don903,2020-06-18 15:56:13.521000+00:00,faceShields,500.0,903
904,don904,2020-06-19 17:41:18.590000+00:00,handmadeMasks,40.0,904
905,don905,2020-06-20 14:59:56.956000+00:00,respirators,800.0,905
906,don906,2020-06-21 19:14:09.205000+00:00,handmadeMasks,100.0,906
907,don907,2020-06-22 17:17:37.872000+00:00,surgicalMasks,600.0,907
908,don908,2020-06-23 18:00:31.285000+00:00,faceShields,2.0,908
909,don909,2020-06-23 21:01:29.133000+00:00,gowns,12000.0,909
910,don910,2020-06-24 19:22:03.959000+00:00,faceShields,200.0,910
911,don911,2020-06-25 11:35:28.213000+00:00,faceShields,100.0,911
912,don912,2020-06-26 04:29:48.845000+00:00,surgicalMasks,280.0,912
913,don913,2020-06-26 14:02:47.643000+00:00,respirators,1080.0,913
914,don914,2020-06-26 14:39:10.320000+00:00,surgicalMasks,2500.0,914
915,don915,2020-06-27 18:44:48.581000+00:00,surgicalMasks,10000.0,915
916,don916,2020-06-28 16:59:53.722000+00:00,surgicalMasks,20000.0,916
917,don917,2020-06-29 02:52:19.974000+00:00,handmadeMasks,50.0,917
918,don918,2020-06-30 03:40:10.639000+00:00,faceShields,5.0,918
919,don919,2020-06-30 19:34:47.936000+00:00,handmadeMasks,10.0,919
920,don920,2020-07-01 01:51:12.174000+00:00,handmadeMasks,1000.0,920
921,don921,2020-07-01 04:52:31.037000+00:00,handmadeMasks,50.0,921
922,don922,2020-07-01 05:21:47.026000+00:00,surgicalMasks,50.0,922
923,don923,2020-07-01 17:16:57.020000+00:00,handmadeMasks,20.0,923
924,don924,2020-07-02 06:39:38.200000+00:00,respirators,3.0,924
925,don925,2020-07-02 13:02:36.635000+00:00,surgicalMasks,1000.0,925
926,don926,2020-07-02 17:49:35.239000+00:00,handmadeMasks,10.0,926
927,don927,2020-07-03 00:18:27.831000+00:00,handmadeMasks,12.0,927
928,don928,2020-07-03 07:40:55.502000+00:00,handmadeMasks,400000.0,928
929,don929,2020-07-03 21:38:54.525000+00:00,respirators,5.0,929
930,don930,2020-07-04 01:02:11.305000+00:00,handmadeMasks,100.0,930
931,don931,2020-07-04 01:48:05.821000+00:00,surgicalMasks,2000.0,931
932,don932,2020-07-04 23:53:50.670000+00:00,handmadeMasks,10.0,932
933,don933,2020-07-05 18:55:42.911000+00:00,faceShields,30.0,933
934,don936,2020-07-05 20:13:35.364000+00:00,respirators,20.0,934
935,don936,2020-07-05 20:13:35.364000+00:00,surgicalMasks,30.0,935
936,don936,2020-07-05 20:13:35.364000+00:00,disinfectingWipes,10.0,936
937,don937,2020-07-06 07:58:21.363000+00:00,handmadeMasks,24.0,937
938,don938,2020-07-07 00:52:46.288000+00:00,handmadeMasks,10.0,938
939,don939,2020-07-07 02:27:02.127000+00:00,faceShields,25.0,939
940,don940,2020-07-07 15:07:44.556000+00:00,surgicalMasks,1000.0,940
941,don941,2020-07-07 15:57:38.288000+00:00,handmadeMasks,25.0,941
942,don942,2020-07-07 16:06:20.666000+00:00,coveralls,10.0,942
943,don943,2020-07-08 02:09:36.879000+00:00,surgicalMasks,200.0,943
944,don944,2020-07-08 17:55:33.669000+00:00,faceShields,2000.0,944
945,don946,2020-07-08 18:14:52.349000+00:00,surgicalMasks,50.0,945
946,don946,2020-07-08 18:14:52.349000+00:00,respirators,40.0,946
947,don947,2020-07-08 19:33:50.390000+00:00,handmadeMasks,25.0,947
948,don948,2020-07-08 21:25:25.528000+00:00,surgicalMasks,1000.0,948
949,don949,2020-07-08 22:50:12.906000+00:00,surgicalMasks,450.0,949
950,don950,2020-07-09 00:35:54.380000+00:00,handmadeMasks,30.0,950
951,don951,2020-07-09 16:08:30.471000+00:00,handmadeMasks,15.0,951
952,don952,2020-07-09 21:44:45.158000+00:00,handmadeMasks,281.0,952
953,don953,2020-07-09 23:44:36.866000+00:00,handmadeMasks,4987.0,953
954,don954,2020-07-10 00:42:21.733000+00:00,respirators,5.0,954
955,don956,2020-07-10 03:25:28.998000+00:00,surgicalMasks,20.0,955
956,don956,2020-07-10 03:25:28.998000+00:00,coveralls,5.0,956
957,don957,2020-07-10 03:59:11.144000+00:00,handmadeMasks,40.0,957
958,don958,2020-07-10 10:59:19.574000+00:00,nitrileGloves,4000.0,958
959,don959,2020-07-10 18:17:27.935000+00:00,faceShields,1000.0,959
960,don960,2020-07-11 02:53:46.422000+00:00,handmadeMasks,30.0,960
961,don961,2020-07-11 21:44:34.636000+00:00,handSanitizer,3.0,961
962,don962,2020-07-12 17:51:43.377000+00:00,handmadeMasks,15.0,962
963,don963,2020-07-13 16:56:58.763000+00:00,surgicalMasks,2000000.0,963
964,don964,2020-07-14 04:06:52.827000+00:00,handmadeMasks,35.0,964
965,don965,2020-07-14 05:06:19.877000+00:00,printedFaceShields,30.0,965
966,don966,2020-07-14 16:17:09.725000+00:00,handmadeMasks,100.0,966
967,don967,2020-07-14 18:40:08.102000+00:00,faceShields,200000.0,967
968,don968,2020-07-14 19:59:43.832000+00:00,disinfectingWipes,5.0,968
969,don969,2020-07-16 01:51:49.071000+00:00,printedFaceShields,200.0,969
970,don970,2020-07-16 18:07:19.115000+00:00,gowns,100000.0,970
971,don971,2020-07-16 19:26:22.695000+00:00,handmadeMasks,200.0,971
972,don983,2020-07-16 21:54:54.098000+00:00,thermometers,8000000.0,972
973,don983,2020-07-16 21:54:54.098000+00:00,safetyGoggles,1000000000.0,973
974,don983,2020-07-16 21:54:54.098000+00:00,surgicalMasks,200000000.0,974
975,don983,2020-07-16 21:54:54.098000+00:00,faceShields,2000000000.0,975
976,don983,2020-07-16 21:54:54.098000+00:00,disinfectingWipes,1000000000.0,976
977,don983,2020-07-16 21:54:54.098000+00:00,gowns,2000000000.0,977
978,don983,2020-07-16 21:54:54.098000+00:00,nitrileGloves,2000000000.0,978
979,don983,2020-07-16 21:54:54.098000+00:00,safetyGlasses,1000000000.0,979
980,don983,2020-07-16 21:54:54.098000+00:00,handSanitizer,100000000.0,980
981,don983,2020-07-16 21:54:54.098000+00:00,surgicalCaps,2000000000.0,981
982,don983,2020-07-16 21:54:54.098000+00:00,disposableBooties,1000000000.0,982
983,don983,2020-07-16 21:54:54.098000+00:00,respirators,200000000.0,983
984,don984,2020-07-17 15:12:09.632000+00:00,handmadeMasks,30.0,984
985,don993,2020-07-17 21:52:59.717000+00:00,thermometers,100.0,985
986,don993,2020-07-17 21:52:59.717000+00:00,gowns,5000.0,986
987,don993,2020-07-17 21:52:59.717000+00:00,disposableBooties,500.0,987
988,don993,2020-07-17 21:52:59.717000+00:00,faceShields,500.0,988
989,don993,2020-07-17 21:52:59.717000+00:00,safetyGoggles,300.0,989
990,don993,2020-07-17 21:52:59.717000+00:00,nitrileGloves,1000.0,990
991,don993,2020-07-17 21:52:59.717000+00:00,respirators,500.0,991
992,don993,2020-07-17 21:52:59.717000+00:00,printedFaceShields,500.0,992
993,don993,2020-07-17 21:52:59.717000+00:00,coveralls,1000.0,993
994,don994,2020-07-18 12:11:44.881000+00:00,handmadeMasks,50.0,994
995,don995,2020-07-20 13:41:30.347000+00:00,surgicalMasks,100000.0,995
